file,link1,link2,link3,link4,link5,link6,link7,link8,link9,link10,link11,link12,link13,link14,link15,link16,link17,link18,link19,link20,link21,link22,link23,link24,link25,link26,link27,link28,link29,link30,link31,link32,link33,link34,link35,link36,link37,link38,link39,link40,link41,link42,link43,link44,link45,link46,link47,link48,link49,link50,link51,link52,link53,link54,link55,link56,link57,link58,link59,link60,link61,link62,link63,link64,link65,link66,link67,link68,link69,link70,link71,link72,link73,link74,link75,link76,link77,link78,link79,link80,link81,link82,link83,link84,link85,link86,link87,link88,link89,link90,link91,link92,link93,link94,link95,link96,link97,link98,link99,link100
2001-09-18-4.markdown,http://personal.mia.bellsouth.net/mia/d/w/dwm_hope/Slide1.JPG,http://personal.mia.bellsouth.net/mia/d/w/dwm_hope/Slide2.JPG,http://personal.mia.bellsouth.net/mia/d/w/dwm_hope/Slide3.JPG,http://personal.mia.bellsouth.net/mia/d/w/dwm_hope/Slide4.JPG,http://www.theblackforge.net/ae,http://www.boardmastersoftware.com,http://www.powerproduction.com/home.html
2001-09-19-10.markdown,http://personal.mia.bellsouth.net/mia/d/w/dwm_hope/Slide5.JPG,http://personal.mia.bellsouth.net/mia/d/w/dwm_hope/Slide6.JPG,http://personal.mia.bellsouth.net/mia/d/w/dwm_hope/Slide7.JPG,http://personal.mia.bellsouth.net/mia/d/w/dwm_hope/Slide8.JPG
2001-09-19-15-2.markdown,http://www.theblackforge.net/ae
2001-09-19-29.markdown,http://www.boardmastersoftware.com,http://www.powerproduction.com/home.html
2001-09-19-5-nonlinear.markdown,http://personal.mia.bellsouth.net/mia/d/w/dwm_hope/nonlin/Slide01.JPG,http://personal.mia.bellsouth.net/mia/d/w/dwm_hope/nonlin/Slide02.JPG,http://personal.mia.bellsouth.net/mia/d/w/dwm_hope/nonlin/Slide03.JPG,http://personal.mia.bellsouth.net/mia/d/w/dwm_hope/nonlin/Slide04.JPG,http://personal.mia.bellsouth.net/mia/d/w/dwm_hope/nonlin/Slide05.JPG,http://personal.mia.bellsouth.net/mia/d/w/dwm_hope/nonlin/Slide06.JPG,http://personal.mia.bellsouth.net/mia/d/w/dwm_hope/nonlin/Slide07.JPG,http://personal.mia.bellsouth.net/mia/d/w/dwm_hope/nonlin/Slide08.JPG,http://personal.mia.bellsouth.net/mia/d/w/dwm_hope/nonlin/Slide09.JPG,http://personal.mia.bellsouth.net/mia/d/w/dwm_hope/nonlin/Slide10.JPG,http://personal.mia.bellsouth.net/mia/d/w/dwm_hope/nonlin/Slide11.JPG
2001-09-19-5.markdown,http://personal.mia.bellsouth.net/mia/d/w/dwm_hope/nonlin/Slide01.JPG,http://personal.mia.bellsouth.net/mia/d/w/dwm_hope/nonlin/Slide02.JPG,http://personal.mia.bellsouth.net/mia/d/w/dwm_hope/nonlin/Slide03.JPG,http://personal.mia.bellsouth.net/mia/d/w/dwm_hope/nonlin/Slide04.JPG,http://personal.mia.bellsouth.net/mia/d/w/dwm_hope/nonlin/Slide05.JPG,http://personal.mia.bellsouth.net/mia/d/w/dwm_hope/nonlin/Slide06.JPG,http://personal.mia.bellsouth.net/mia/d/w/dwm_hope/nonlin/Slide07.JPG,http://personal.mia.bellsouth.net/mia/d/w/dwm_hope/nonlin/Slide08.JPG,http://personal.mia.bellsouth.net/mia/d/w/dwm_hope/nonlin/Slide09.JPG,http://personal.mia.bellsouth.net/mia/d/w/dwm_hope/nonlin/Slide10.JPG,http://personal.mia.bellsouth.net/mia/d/w/dwm_hope/nonlin/Slide11.JPG
2002-02-10-60-2.markdown,http://danielsjourney.com/blog/images/update.gif
2002-02-10-61-2.markdown,http://www.apc.net/adrienne
2002-02-10-63-2.markdown,http://www.anu.edu.au/english/internet_txt
2002-02-10-70-2.markdown,http://www.eastgate.com/ReadingRoom/WhatFit
2002-02-10-73.markdown,http://blurr2.colorado.edu/~hiaff/home.htm
2002-10-11-7.markdown,http://www.christianpornmachine.com/chucksign.jpg
2004-03-20-omg-omg-omg-post-5.markdown,http://integrationresearch.org/daniel/images/2004_03/km00.jpg
2004-04-17-omg-omg-omg-unlucky-13.markdown,http://www.pikecountypa.com/cat.gif,http://oursextoys.com/shopsite_sc/store/html/tls0727-6.html
2004-05-16-here-at-omg-omg-omg-were-all-about-the-cats.markdown,http://danielsjourney.com/blog/images/2004_05/spaget_din/DSCN2555.JPG,http://danielsjourney.com/blog/images/2004_05/spaget_din/DSCN2557.JPG
2004-05-20-43.markdown,http://www.theoceanblue.com/home.html,http://www.cluttered.com/anne/breastfeedingstatue.jpg
2004-05-21-44.markdown,http://www.shrek2.com/downloads/wallpaper/shrek2_wp03_1280.jpg
2004-05-25-46.markdown,http://www.michaelmillercrusade.com/show_pix_3/mm_at_radio_station.jpg
2004-05-25-jai-guru-dev.markdown,http://theinnocencemission.com
2004-05-27-now-these-are-some-serious-cat-pictures.markdown,http://www.bluejake.com/archives/2004/05/27/thompsons_new_look.php
2004-05-28-omg-i-assume-you-know-about-this-already.markdown,http://www.amazon.com/exec/obidos/ASIN/B0001XAMWW/ref%3Dnosim/largeheartedb-20/103-4001206-5984634
2004-06-02-50.markdown,http://www.dallasnews.com/cgi-bin/bi/dallas/photography/photography.cgi?step=View%20Slideshow&show=588&thisImage=8512,http://www.dallasnews.com/cgi-bin/bi/dallas/photography/photography.cgi?step=View%20Slideshow&show=586&thisImage=8496
2004-06-06-52.markdown,http://www.bluejake.com/archives/2004/06/06/aeolian_ride.php
2004-06-11-53.markdown,http://quizilla.com/users/m31andy/quizzes/Which%20London%20Underground%20Map%20Are%20You%3F
2004-06-17-my-mr-picassoheads.markdown,http://www.mrpicassohead.com/canvas.html?id=5c602b1,http://www.mrpicassohead.com/canvas.html?id=e53060b
2004-06-17-serious-cat-pictures.markdown,http://www.bluejake.com/archives/2004/06/16/thompson_the_young_manhattanite_interview.php
2004-06-21-57.markdown,http://www.themorningnews.org/archives/stories/the_livejournal_of_zachary_marsh.php
2004-06-21-follow-up.markdown,http://www.necfiles.org/part1.htm
2004-07-07-68.markdown,http://www.bluejake.com/archives/2004/07/07/some_frogs.php
2004-07-22-70.markdown,http://www.natelarson.com/stories.htm
2004-08-02-here-at-omg-omg-omb-we-are-devoted-to-cool-cat-pictures.markdown,http://www.balloonfarm.com/gifs/glowstickcat.gif
2004-08-03-74.markdown,http://www.pitchforkmedia.com/news/04-08/03.shtml
2004-08-03-75.markdown,http://www.mtv.com/chooseorlose/headlines/news.jhtml?id=1489883
2004-08-26-86.markdown,http://www.packetnexus.com/quote/jasbsb.php
2004-08-31-87.markdown,http://brilliantcorners.org/2004/08/17/hubert-selby-jr-on-writing
2004-09-08-i-can-only-post-very-short-posts-atm.markdown,http://telivyel.ferrona.to/maglietta.mpg
2004-09-30-98.markdown,http://story.news.yahoo.com/news?tmpl=story2&u=/040920/480/dn10109201907&e=10&ncid=1756
2004-09-30-99.markdown,http://www.livejournal.com/users/dealingwith/data/r
2004-10-01-102.markdown,http://home.earthlink.net/~houval/gopconstrm.mov,http://snarkmarket.com/blog/snarkives/debate.mp3
2004-10-23-110.markdown,http://www.talkingpointsmemo.com/index-old.php
2004-10-23-111.markdown,http://www.thatsuncalledfor.com/debate_notes/index.html
2004-10-23-112.markdown,http://www.enjoythedraft.com/images/ad.gif
2004-10-23-113.markdown,http://www.phonelosers.org/index.html,http://www.phonelosers.org/wal-mart/index.html
2004-10-23-omg-omg-omg-the-kittens-and-buffy.markdown,http://www.b3ta.co.u,http://www2.b3ta.com/sleepy-kitten,http://www2.b3ta.com/phillipmorri,http://www2.b3ta.com/man-milk-or-moo-mil
2004-10-28-117.markdown,http://www.fh-worms.de/~ebm245/BuildabetterBush.htm
2004-10-28-omg-the-seekrit-service-came-2-my-house.markdown,http://pics.livejournal.com/tviokh/pic/00015kqg
2004-11-04-81-2.markdown,http://www.voccoquan.com/firstpub/bifurcated.htm
2004-11-05-omg-the-cats.markdown,http://www.bluecatsgraphics.com/bcgfft/ffanim/redcats1_2g_t.gif,http://www.bluecatsgraphics.com/bcgfft/ffanim/redcats1_2g.jpg
2004-11-06-omg-im-so-moving-to-canada.markdown,http://www.marryanamerican.ca
2004-11-09-124.markdown,http://somethingaboutorange.com/mrl/images/yar.jpg
2004-11-09-cia-agents-transport-a-tranquilized-mutant-cat.markdown,http://www.doodoo.demon.co.uk/b3ta/liftcouch.jpg
2004-11-09-mutant-caaaaaaaaatssssssssss.markdown,http://www.cnn.com/2004/TECH/10/27/biotechnology.cats/index.html
2004-11-09-omg-more-photos.markdown,http://www.may-associates.co.uk/mrnmrs/robocat.gif
2004-11-09-omg-omg-omg-post-one-hundred.markdown,http://quizilla.com/users/montypythonrules/quizzes/Which%20Monty%20Python%20%26%20the%20Holy%20Grail%20Character%20are%20you%20REALLY%3F
2004-11-09-secret-pictures-from-mutant-cat-training-camp-in-the-hills-of-tora-bora.markdown,http://www.koit.pwp.blueyonder.co.uk/moggies2.GIF
2004-11-19-tfh-fansite.markdown,http://www.danielsjourney.com/TFH
2004-11-23-133.markdown,http://antiherocomics.com/2004/11/112304-0100001001000011.html
2004-12-08-138.markdown,http://www.satanslaundromat.com/sl/archives/000443.html
2004-12-10-omg-omg-omg-how-r-these-things-so-right-on.markdown,http://www.pluginfusion.com/img/user314_img1262.gif
2004-12-18-142.markdown,http://quizilla.com/users/nightcrawler77im/quizzes/What%20Marvel%20Superhero%20are%20you%3F
2005-01-12-crossinspace.markdown,http://www.blessitt.com/crossinspace/crossinspace.gif,http://www.blessitt.com/crossinspace/world_sphere.gif,http://www.blessitt.com/crossinspace/index.html
2005-02-01-i-knew-it.markdown,http://dbhome.dk/carlo/cat.htm
2005-02-02-153.markdown,http://quizfarm.com/test.php?q_id=1389,http://quizfarm.com
2005-02-02-84-2.markdown,http://www.wakemanpublishing.com/8march2003/originalpage.htm
2005-02-02-teds-caving-page.markdown,http://www.gigdig.com/~ted/page11.html,http://www.gigdig.com/~ted/page12.html,http://www.snopes.com/cgi-bin/ultimatebb.cgi?ubb=get_topic;f=25;t=000937;p=1
2005-02-03-155.markdown,http://db.playego.com.br/orafiles/01122005120941567g.swf
2005-02-03-confession.markdown,http://danielsjourney.com/art/installation,http://danielsjourney.com/art/writing/fiction/rob,http://www.danielsjourney.com/art/installations/artifact,http://irgalery.net
2005-02-03-link-love.markdown,http://www.johnheronproject.com/wp/?p=56,http://danielsjourney.com/art/writing/fiction/rob,http://www.greenbelt.org.u
2005-02-04-161.markdown,http://www.rockrage.com/media/fonts/musicfonts.html
2005-02-06-omg-lol-rotfl.markdown,http://danielsjourney.com/blog/files/2005/02/zzzbambam25.jpg
2005-02-09-171.markdown,http://www.quizdiva.net/bt/linguistic.jpg
2005-02-12-175.markdown,http://www.lowresolution.com/archive/000444.php
2005-02-12-176.markdown,http://www.urbanhonking.com/kill/archives/2005/02/post_201.html
2005-02-15-184.markdown,http://www.quizdiva.net/bt/realist.jpg
2005-02-15-187.markdown,http://filmforce.ign.com/articles/587/587898p1.html
2005-02-15-of-course-i-wasnt-thinking-about-my-lj-in-answering-the-questionsthat-would-be-different.markdown,http://www.quizdiva.net/bt/pundit-blogger.jpg,http://www.quizdiva.net/bt/link-blogger.jpg
2005-02-20-189.markdown,http://www.designobserver.com/archives/000291.html
2005-02-24-198.markdown,http://www.danielsjourney.com/blog/index.php?file=2002_12_15.xml&id=93
2005-02-27-202.markdown,http://www.momentshowing.net/momentshowing/files/TEDparty.aquarium.mov
2005-03-04-211.markdown,http://www.boltcity.net/forum/viewtopic.php?t=4449
2005-03-04-212.markdown,http://www.jasonmraz.com/journal.html
2005-03-04-213.markdown,http://www.hchamp.com/other/archives/000246.html
2005-03-05-z15-intelligence-agency-journal.markdown,http://www.zion15.net/aleksivirta/diary,http://danielsjourney.com/blog/images/update.gif
2005-03-06-214.markdown,http://www.tonx.org
2005-03-10-221.markdown,http://www.miltonglaserposters.com/news/pub_10.htm
2005-03-23-225.markdown,http://www.43folders.com/2004/12/five_mistakes_b.html
2005-03-23-226.markdown,http://dallasobserver.com/issues/2004-12-02/feature.html
2005-03-26-231.markdown,http://ellensjourney.org/stranger/archives/001338.html
2005-03-26-232.markdown,http://www.theyblinked.com/blog/2005/03/daniel-just-looked-at-me-and-said-in.html
2005-03-28-233.markdown,http://www.lowresolution.com/archive/000481.php
2005-03-29-amaztype.markdown,http://amaztype.tha.jp/US/Books/Title?q=Nonlinear
2005-03-31-239.markdown,http://lj-images.poisonkitty.net
2005-04-05-245.markdown,http://whatthebleep.com/create
2005-04-19-i-knew-this-was-going-to-be-my-city-after-the-first-question.markdown,http://img1.zenhex.com/quiz1/12/res6.jpg
2005-04-20-261.markdown,http://hellofreaks.free.fr/motion/knockout.html
2005-04-20-266.markdown,http://www.quizdiva.net/bt/european/irish.jpg,http://www.quizdiva.net/bt/dandy.jpg
2005-04-22-268.markdown,http://junk.haughey.com/rogers.wmv
2005-04-22-270.markdown,http://textism.com/maunifesto
2005-04-24-276.markdown,http://www.43folders.com/2004/09/getting_started.html
2005-04-25-you-nd-crazed-kids-have-seen-this-right.markdown,http://www3.state.id.us/oasis/HCR029.html
2005-04-30-131.markdown,http://www.adventuregamers.com/display.php?id=324,http://www.adventuregamers.com/display.php?id=310,http://www.uncleroyallaroundyou.co.u,http://www.angermann2.com,http://www.adventuregamers.com/display.php?id=318
2005-04-30-286.markdown,http://antiherocomics.com/2005/04/43005-how-did-i-get-here.html
2005-04-30-argfestnyc.markdown,http://argfestnyc.com/wiki/index.php?title=Main_Page
2005-04-30-avantgame-com.markdown,http://newmedia.berkeley.edu,http://www.sfweekly.com/issues/2002-05-15/bestof/bestsports20.html
2005-04-30-deaddrop-us.markdown,http://www.deaddrop.u
2005-04-30-immersivegaming-com.markdown,http://www.lulu.com/items/99000/99444/5/preview/detail_99444.jpg
2005-04-30-metaurchins-book-project.markdown,http://www.metaurchins.org/boo
2005-04-30-mssv-net.markdown,http://www.mssv.net/archives/000665.shtml
2005-04-30-perplex-city.markdown,http://danielsjourney.com/blog/images/update.gif
2005-04-30-smirkbox-com.markdown,http://www.smirkbox.com
2005-04-30-the-trail-of-the-heist.markdown,http://heist.smirkbox.com
2005-04-30-unfiction-com.markdown,http://forums.unfiction.com/forum
2005-04-30-vital-interactive-media-alternate-reality.markdown,http://www.vpmusic.com/arg.html
2005-05-04-292.markdown,http://www.coudal.com/moom.php
2005-05-04-294.markdown,http://www.slower.net/pl.php?photo_id=2022
2005-05-04-holy-shit-the-cats-the-cats-the-cat.markdown,http://www.bluejake.com/archives/subject_cat/index.php
2005-05-04-how-to-fold-a-fitted-sheet.markdown,http://www.target.com.au/html/homewares/sheets.htm
2005-05-05-more-on-perplex-city.markdown,http://www.perplexcitysentinel.com,http://projectsyzygy.com,http://www.perplexcity.com/video.html,http://www.liberation.fr/page.php?Article=283323,http://cgi.ebay.co.uk/ws/eBayISAPI.dll?ViewItem&category=4596&item=59,http://www.mindcandydesign.com
2005-05-07-304.markdown,http://www.lowresolution.com/archive/000503.php
2005-05-08-last-resort-retrieval.markdown,http://www.stolena3.com,http://www.lastresortretrieval.com
2005-05-10-omgawd.markdown,http://www.38one.com/blog/index.php?p=88
2005-05-11-the-electronic-labyrinth-and-more-on-tristram-shandy.markdown,http://nonlinear.blogspot.com/2002/02/tristram-shandy.html,http://www.gifu-u.ac.jp/~masaru/TS/contents.html,http://www.tristramshandyweb.it/home.htm,http://www.gutenberg.org/dirs/etext97/shndy10h.zip,http://www.amazon.com/exec/obidos/tg/detail/-/0140435050/103-5659850-4759052?v=glance
2005-05-12-fuck-yeah.markdown,http://images.quizfarm.com/1113109003postmodernism.JPG,http://quizfarm.com/test.php?q_id=23320,http://quizfarm.com
2005-05-21-330.markdown,http://prodtn.cafepress.com/0/4335450_F_tn.jpg
2005-05-21-331.markdown,http://www.sarahhepola.com/archives/000372.html
2005-06-01-337.markdown,http://is0.okcupid.com/graphics/0.gif
2005-06-22-359.markdown,http://danielsjourney.com/blog/index.php?file=2005_03.xml&id=29104609
2005-06-28-392.markdown,http://wtfsticker.com
2005-06-29-395.markdown,"http://www.news.com.au/story/0,10117,15739502-13762,00.html"
2005-06-29-397.markdown,http://www.maddogmedia.com/dailydog.html
2005-06-30-398.markdown,http://www.brotherjosh.com
2005-06-30-406.markdown,http://amfilms.hash.com/search/entry.php?entry=539
2005-06-30-buy-me-one-now.markdown,http://www.bleeplabs.com
2005-07-05-more-arg-resources.markdown,http://www.seanstewart.org/beast/intro,http://www.mirlandano.com/arg-quickstart.html
2005-07-09-420.markdown,http://www.sotto.org/archives/2005/07/09/following_our_bli
2005-07-10-427.markdown,http://www.maddogmedia.com/dailydog.html
2005-07-18-439.markdown,http://www.playboy.com/arts-entertainment/features/lancearmstrong/index.html
2005-07-18-440.markdown,"http://www.latimes.com/business/la-071805intermix_lat,0,2217898.story?coll=la-home-headline"
2005-08-06-love-dem-cloned-cats.markdown,http://i.timeinc.net/fortune/images/fortune/magazine/2005/20050808/clo_cc_267x325.jpg,"http://www.fortune.com/fortune/slideshow/0,23288,1089559-2,00.html"
2005-08-10-articles-by-clark-macleod.markdown,http://www.kelake.org/archive/presentations/digitalstorie,http://www.kelake.org/archive/presentations/mentalmodel/index.html,http://www.kelake.org/archive/presentations/creativity_and_the_c.html,http://www.kelake.org/archive/presentations/id/index.html
2005-08-16-wikipedia-used-for-arg.markdown,http://www.boingboing.net/2005/08/13/bbc_punks_wikipedia_.html,http://www.bbc.co.uk/jamiekane
2005-09-03-denisemartine-com.markdown,http://www.denisemartine.com/how-i-got-here
2005-09-03-theworld-ae.markdown,http://www.theworld.ae,http://danielsjourney.com/art/installation
2005-09-07-542.markdown,http://www.johnheronproject.com/wp/?p=292,http://headlines.agapepress.org/archive/9/22005b.asp
2005-09-13-staring-at-the-white-box.markdown,http://danielsjourney.com/blog/files/2005/09/GB05-PeteRollins-clip01.mp3
2005-09-14-cheap.markdown,http://www.goodygoody.com/images/stores/store15.jpg
2005-09-14-continuing-the-thread.markdown,http://gsbwww.uchicago.edu/research/workshops/behavioral/Gollwitzer.pdf
2005-09-16-tim-and-josh.markdown,http://www.flickr.com/photos/95202798@N00/43786435
2005-09-26-593.markdown,http://www.wnyc.org/shows/spinning/episodes/04082005
2005-09-28-architect-steve-collins-on-narrative-spaces.markdown,http://www.btinternet.com/%7Esmallritual/page15.html,http://www.artangel.org.uk/pages/past/95/95_wilson.htm,http://www.artangel.org.uk/pages/past/95/95_anderson.htm
2005-09-29-602.markdown,http://danielsjourney.com/media/prophets.zip
2005-10-25-647.markdown,http://waferbaby.com/archives/2005/10/25/itunes_australia
2005-10-29-665.markdown,http://weblog.infoworld.com/udell/2005/10/26.html#a1329
2005-10-31-677.markdown,http://joshuaink.com/blog/504/preparing-for-my-mid-life-crisis-with-flickr
2005-11-03-saweet.markdown,http://www.sarahjanesemrad.com/blog/000616.html
2005-11-08-698.markdown,http://blueflavor.com/ed/content/the_challenge_of_web_content.php
2005-11-15-725.markdown,http://www.elsewhere.org/cgi-bin/postmodern
2005-11-17-734.markdown,http://future.iftf.org/2005/11/the_psychology_.html
2005-11-20-742.markdown,http://www.43folders.com/2005/10/24/paul-ford-distraction
2005-12-01-heheheh-he-laughes-his-evil-laugh.markdown,http://www.dallasobserver.com/Issues/2005-12-01/calendar/calendar.html
2005-12-02-773.markdown,http://artconpiracy.org
2005-12-03-775.markdown,http://danielsjourney.com/blog/files/2005/12/12.jpg
2005-12-16-802.markdown,http://danielsjourney.com/blog/files/2005/12/zzzzzz7654299.jpg
2005-12-19-805.markdown,http://www.boxesandarrows.com/view/check_it_twice_the_b_a_staff_reveals_the_way_they_make_list
2006-01-04-hal-samples-blog-my-most-memorable-moments-of-2005.markdown,http://halsamples.com/blog/index.php?ID=301
2006-01-12-thats-a-lot-of-coffee.markdown,http://www.flickr.com/photos/miker/tags/100cup
2006-01-13-front-end-architects.markdown,http://www.garrettdimon.com/archives/the-time-is-now-for-front-end-architect
2006-01-13-that-enterprise-software-is-bad-excruciatingly-bad-is-hardly-news.markdown,http://www.joelamantia.com/blog/archives/ideas/more_on_enterprise_software_is_dead.html
2006-01-17-confidence-in-the-idea.markdown,http://www.boxesandarrows.com/view/lou_rosenfeld_eats_his_own_dog_food
2006-01-17-so-much-of-what-is-wrong-with-software-these-days.markdown,http://danielsjourney.com/art/writing/nonfiction/Social_Technologies_and_the_Church.htm
2006-01-20-randomly-had-this-bookmarked-in-my-regular-bookmarks-on-this-not-oft-used-machine-hillarious.markdown,http://www.collegehumor.com/movies/1615406
2006-01-28-another-of-my-top-5-unknown-records.markdown,http://www.thechoir.net/images/records_cslide.jpg,http://danielsjourney.com/blog/files/2006/01/The%20Choir%20-%20Circle%20Slide%20-%201%20-%20Circle%20Slide.mp3,http://danielsjourney.com/blog/files/2006/01/The%20Choir%20-%20Circle%20Slide%20-%209%20-%20Restore%20My%20Soul.mp3,http://theyblinked.livejournal.com,http://www.thechoir.net/store,http://danielsjourney.com/blog/index.php?file=2004_11.xml&id=19131201
2006-01-31-conways-law.markdown,http://www.joelamantia.com/blog/archives/ideas/hallmark_of_the_new_enterprise_knowledge_markets.html
2006-02-02-luck.markdown,http://www.theyblinked.com/blog/2006/02/celebrate-luck.html
2006-02-04-in-studio-2006-day-1.markdown,http://danielsjourney.com/art/music/Daniel%20Miller%20-%20unreleased%20-%201%20-%20Sucker%20for%20Love.mp3,http://dashboardconfessional.com/index.cfm/action/info./index.html
2006-02-08-1124.markdown,http://danielsjourney.com/art/music/2006/pleasantry_lane/pre/reference/Josh%20Joplin%20-%20Jaywalker%20-%203%20-%20One%20Becomes%20Two.mp3
2006-02-08-979.markdown,http://danielsjourney.com/blog/index.php?file=2005_03.xml&id=05014205
2006-02-08-totally-random.markdown,http://danielsjourney.com/blog/files/2006/02/Josh%20Joplin%20-%20Jaywalker%20-%204%20-%20Jaywalker's%20of%20the%20World.mp3,http://danielsjourney.com/blog/index.php?file=2004_01.xml&id=116,http://www.sevenmagazine.org/april02/threads.htm,http://danielsjourney.com/art/music/2006/pleasantry_lane
2006-02-10-im-a-little-obsessed-with-this-song-atm.markdown,http://danielsjourney.com/art/music/2006/pleasantry_lane/pre/reference/Choir%20-%20O%20How%20the%20Mighty%20Have%20Fallen%20-%202%20-%20Nobody%20Gets%20a%20Smooth%20Ride.mp3
2006-02-11-2515.markdown,http://danielsjourney.com/blog/index.php?file=2004_03.xml&id=317
2006-02-13-in-the-studio-2006-aside.markdown,http://danielsjourney.com/art/music/2006/pleasantry_lane/pre/me/Daniel%20Miller%20-%20unreleased%20-%201%20-%20Julia's%20boyfriend%20was%20a%20rock%20star.mp3,http://danielsjourney.com/blog/index.php?file=2004_07.xml&id=26100030
2006-02-21-buy-a-kate-nelson-while-you-can-still-afford-it-you-cheap-bastard.markdown,http://danielsjourney.com/art/music/2006/pleasantry_lane/pre/me/Daniel%20Miller%20-%20unreleased%20-%201%20-%20Wal-mart--Heaven.mp3,http://danielsjourney.com/blog/index.php?file=2005_03.xml&id=05014205,http://blogs.ignite.cd/Pete/index.cfm?postid=173,http://blogs.ignite.cd/Pete/index.cfm?postid=181
2006-02-24-1040.markdown,http://danielsjourney.com/blog/files/2006/02/Duke%20Special%20-%20Adventures%20In%20Gramophone%20-%206%20-%20Kill%20Me%20Quickly%20Please.mp3
2006-02-26-word-of-the-day-13.markdown,http://www.citychurchdallas.org/index.php?About_CityChurch:Leadership:Steve_Sprinkle
2006-02-28-words-of-the-day-and-quotes-of-the-day.markdown,http://www.boxesandarrows.com/view/hiding_in_plain_sight
2006-03-01-mp3-of-the-day.markdown,http://iaspiretonothing.com/daniel/blog/files/2006/03/Starsailor%20-%20On%20The%20Outside%20-%201%20-%20In%20The%20Crossfire.mp3
2006-03-02-1065.markdown,http://iaspiretonothing.com/daniel/blog/files/2006/03/I%20want%20the%20world.jpg,http://iaspiretonothing.com/daniel/blog/files/2006/03/I%20want%20the%20world.jpg,http://iaspiretonothing.com/daniel/blog/files/2006/03/what%20matters%20is%20people.jpg,http://iaspiretonothing.com/daniel/blog/files/2006/03/what%20matters%20is%20people.jpg,http://iaspiretonothing.com/daniel/blog/files/2006/03/zzzkkkkkmmmm03.jpg,http://iaspiretonothing.com/daniel/blog/files/2006/03/zzzzsteak29.jpg(http://iaspiretonothing.com/daniel/blog/files/2006/03/zzzzsteak29.jpg
2006-03-03-1070.markdown,http://www.flickr.com/photo_zoom.gne?id=96987694&size=o
2006-03-03-mp3-of-the-day-2.markdown,http://www.amazon.com/gp/product/B000B8Q8G6/sr=8-1/qid=1141278336/ref=pd_bbs_1/002-7986446-4457653?%5Fencoding=UTF8,http://iaspiretonothing.com/daniel/blog/files/2006/03/Starsailor%20-%20On%20The%20Outside%20-%209%20-%20This%20Time.mp3
2006-03-09-mp3-of-the-day-3.markdown,http://iaspiretonothing.com/daniel/blog/files/2006/03/David%20Holmes%20-%20Let's%20Get%20Killed%20-%204%20-%20Gritty%20Shaker.mp3,http://www.amazon.com/gp/product/B000002GNX/sr=8-1/qid=1141909942/ref=pd_bbs_1/002-7986446-4457653?%5Fencoding=UTF8
2006-03-09-never-shall-they-be-joined.markdown,http://iaspiretonothing.com/daniel/blog/files/2006/03/never-shall-they-be-joined.png
2006-03-11-sx-update-02.markdown,http://2006.sxsw.com/film/screenings/film/F5470.html,http://2006.sxsw.com/film/screenings/film/F3477.html,http://2006.sxsw.com/interactive/programming/panels/?action=show&id=IAP060050,http://2006.sxsw.com/interactive/programming/panels/?action=show&id=IAP060078,http://2006.sxsw.com/interactive/programming/panels/?action=show&id=IAP060014
2006-03-11-sx-update-03.markdown,http://2006.sxsw.com/interactive/programming/opening_remar
2006-03-12-sx-update-06.markdown,http://upcoming.org/event/61243
2006-03-13-1132.markdown,http://www.crabwalk.com/archive/2006_03.php#002171
2006-03-14-sx-update-07.markdown,http://www.20x2.org/portal
2006-03-15-sx-update-08-lots-o-links-hope-you-have-some-time-and-why-am-i-yelling.markdown,http://theyblinked.com/blog,http://www.subvert.com/media/images/apronadforsite.jpg,http://2006.sxsw.com/film/screenings/film/F5052.html
2006-03-17-sx-update-10.markdown,http://2006.sxsw.com/film/screenings/film/F5453.html
2006-03-18-sx-update-12.markdown,http://www.theaeroplanes.co.u
2006-03-19-goodbye-austin-for-now.markdown,http://iloveilovemath.com,http://infrangible.com/2006/docs/010.shtml,http://iainarcher.com,http://www.joshritter.com/news.php
2006-03-24-the-trouble-with-being-human-these-days.markdown,http://iaspiretonothing.com/daniel/blog/files/2006/03/zzzzsteak19.jpg
2006-03-25-happy-birthday-to-me.markdown,http://iaspiretonothing.com/daniel/blog/files/2006/03/Ed%20Harcourt%20-%20Born%20In%20The%2070s.mp3
2006-03-26-mp3-of-the-day-4.markdown,http://iaspiretonothing.com/daniel/blog/files/2006/03/Stance%20Punks%20-%20No%20Boy%20No%20Cry.mp3
2006-03-27-take.markdown,http://iaspiretonothing.com/daniel/blog/files/2006/03/take01.mp3,http://iaspiretonothing.com/daniel/blog/files/2006/03/miceparade.mp3
2006-03-28-more-spoken-words-and-covers.markdown,http://iaspiretonothing.com/daniel/blog/files/2006/03/The%20Walls%20Shook%20+%20Hallelujah.zip
2006-03-31-word-of-the-day-16.markdown,http://dictionary.reference.com/search?q=ascesi
2006-04-02-in-studio-2006-day-3.markdown,http://danielsjourney.com/art/music/Daniel%20Miller%20-%20unreleased%20-%202%20-%20High%20Tonight.mp3
2006-04-02-mp3-of-the-day-5.markdown,http://iaspiretonothing.com/daniel/blog/files/2006/04/01-Boston-Third%20Stage-Amanda.mp3
2006-04-02-quote-of-the-day-4.markdown,http://sarahhepola.com/blog
2006-04-03-i-have-four-minutes-to-write-this.markdown,http://2006.sxsw.com/coverage/podcast
2006-04-08-mp3-of-the-day-6.markdown,http://iaspiretonothing.com/daniel/blog/files/2006/04/A%20Camp%20-%20Live%20-%20Sweden%20-%2005%20Algebra.mp3
2006-04-09-mp3-of-the-day-7.markdown,http://iaspiretonothing.com/daniel/blog/files/2006/04/holding_hands_small_vin.jpg,http://iaspiretonothing.com/daniel/blog/files/2006/04/A%20Camp%20-%20Track01%20-%20Frequent%20Flyer.mp3,http://iaspiretonothing.com/daniel/blog/files/2006/04/screwed.jpg
2006-04-12-1228.markdown,http://www.theyblinked.com/blog/2006/04/silence.html
2006-04-15-mp3-of-the-day-10.markdown,http://iaspiretonothing.com/daniel/blog/files/2006/04/Calexico%20-%20Garden%20Ruin%20-%203%20-%20Bisbee%20Blue.mp3
2006-04-18-mp3-of-the-day-11.markdown,http://iaspiretonothing.com/daniel/blog/files/2006/04/Various%20Artists%20-%20Paste%20Magazine%20Sampler%2020%20-%2010%20-%20Neko%20Case%20-%20Star%20Witness.mp3
2006-04-19-oil-the-party-is-over.markdown,http://wiredblogs.tripod.com/sterling/index.blog?entry_id=1461469
2006-04-21-in-studio-2006-day-4.markdown,http://iaspiretonothing.com/daniel/blog/files/2006/04/Daniel%20Miller%20-%20unreleased%20-%20%20Black%20Eyed%20Kinda%20Love.mp3
2006-04-22-mp3-of-the-day-12.markdown,http://iaspiretonothing.com/daniel/blog/files/2006/04/04%20-%20The%20Choir%20-%20Sad%20Face.mp3
2006-04-22-word-of-the-day-19.markdown,http://wiredblogs.tripod.com/sterling/index.blog?entry_id=1463987
2006-04-25-mp3-of-the-day-13.markdown,http://iaspiretonothing.com/daniel/blog/files/2006/04/Death%20Cab%20-%20Plans%20-%207%20-%20Your%20Heart%20Is%20an%20Empty%20Room.mp3
2006-05-01-word-of-the-day-21.markdown,http://wiredblogs.tripod.com/sterling/index.blog?entry_id=1470196
2006-05-02-quote-of-the-day-10.markdown,http://oblivio.com/archives/06050201.html
2006-05-04-word-of-the-day-22.markdown,http://dictionary.reference.com/search?q=perfidiou
2006-05-05-a-sad-day-blanks-of-the-day.markdown,http://iaspiretonothing.com/daniel/blog/files/2006/05/the%20snowball-thumb.jpg,http://iaspiretonothing.com/daniel/blog/files/2006/04/Daniel%20Miller%20-%20unreleased%20-%20demos%20-%20Im%20Not%20Moving%20On.mp3,http://iaspiretonothing.com/daniel/blog/files/2006/05/crime-infested%20urban%20cesspool-thumb.jpg,http://iaspiretonothing.com/daniel/blog/files/2006/05/everyone's%20got-thumb.jpg,http://danielsjourney.com/blog/index.php?file=2003_10.xml&id=93
2006-05-06-in-the-studio-day-whatever-plus-one-other-bit.markdown,http://iaspiretonothing.com/daniel/blog/files/2006/05/Daniel%20Miller%20-%20unreleased%20-%20Prayin%20for%20You.mp3,http://iaspiretonothing.com/daniel/blog/files/2006/05/GB05-PeteRollins-Desire.mp3
2006-05-08-1293.markdown,http://store.iamstillalive.net/store/show/22
2006-05-10-elsewhere.markdown,http://www.gravestmor.com/wp/archives/2006/04/21/moriyama-house-ryue-nishizawa
2006-05-13-mp3-of-the-day-14.markdown,http://iaspiretonothing.com/daniel/blog/files/2006/05/Team%20Evil%20-%20%20-%202%20-%20Jenny%20Pound.mp3
2006-05-15-words-of-the-day-quote-of-the-day.markdown,http://dictionary.reference.com/search?q=externalitie
2006-05-19-mp3s-of-the-day.markdown,http://iaspiretonothing.com/daniel/blog/files/2006/05/Andy%20Zipf%20-%20i%20stole%20the%20morning%20sun%20-%207%20-%20Your%20Fire.mp3,http://iaspiretonothing.com/daniel/blog/files/2006/05/Andy%20Zipf%20-%20Are%20We%20Going%20Down%20-%201%20-%20Are%20We%20Going%20Down.mp3
2006-05-21-in-the-studio-2006-day-n.markdown,http://iaspiretonothing.com/daniel/blog/files/2006/05/Daniel%20Miller%20-%20unreleased%20-%201%20-%20Sucker%20for%20Love.mp3,http://iaspiretonothing.com/daniel/blog/files/2006/05/Daniel%20Miller%20-%20unreleased%20-%202%20-%20Painful%20Tired.mp3
2006-05-25-quote-of-the-day-14.markdown,http://mvm.therealadam.com/articles/2006/05/17/unwritten-code-is-the-easiest-to-maintain
2006-05-31-me-and-you-and-everyone-we-know.markdown,http://iaspiretonothing.com/daniel/blog/files/2006/06/july2_sm.jpg,http://iaspiretonothing.com/daniel/blog/files/2006/06/july2.jpg
2006-06-01-words-quote-geek-out.markdown,http://dictionary.reference.com/search?r=2&q=detritu,http://dictionary.reference.com/search?q=exigencie,http://www.amazon.com/gp/product/0807015199/sr=8-7/qid=1149215942/ref=pd_bbs_7/104-6781323-7043960?%5Fencoding=UTF8,http://www.res.com
2006-06-03-mp3-of-the-day-15.markdown,http://www.amazon.com/gp/product/B0009VBU6I/ref=pd_ys_iyr14/104-6781323-7043960?%5Fencoding=UTF8&v=glance&n=5174,http://iaspiretonothing.com/daniel/blog/files/2006/06/Marjorie%20Fair%20-%20Self%20Help%20Serenade%20-%203%20-%20Empty%20Room.mp3
2006-06-09-oldie-but-goodie.markdown,http://www.webmonkey.com//02/18/index3a.html
2006-06-11-mp3-bonanza.markdown,http://www.thechemset.com,http://iaspiretonothing.com/daniel/blog/files/2006/06/The%20Chemistry%20Set%20-%20Blue%20Monsters%20-%205%20-%20Love%20(Dance%20on%20the%20one%20that%20brought%20you).mp3,http://iaspiretonothing.com/daniel/blog/files/2006/06/The%20Chemistry%20Set%20-%20Blue%20Monsters%20-%209%20-%20T-rex%20devours%20the%20glitteratti.mp3,http://iaspiretonothing.com/daniel/blog/files/2006/06/time.zip,http://iaspiretonothing.com/daniel/blog/files/2006/06/time%20extras.zip
2006-06-13-mp3s-of-the-day-2.markdown,http://www.overtherhine.com/music/piano/ld02.html,http://www.overtherhine.com/music/piano/ld03.html,http://www.overtherhine.com/music/recordings/cd10/cd10.html,http://iaspiretonothing.com/daniel/blog/files/2006/06/ld02.jpg,http://iaspiretonothing.com/daniel/blog/files/2006/06/Linford%20Detweiler%20-%20Grey%20Ghost%20Stories%20-%204%20-%20I%20Was%20Thinking%20The%20Same,http://iaspiretonothing.com/daniel/blog/files/2006/06/unspoken.jpg,http://iaspiretonothing.com/daniel/blog/files/2006/06/Linford%20Detweiler%20-%20Unspoken%20Requests%20-%203%20-%20Winter%20Wedding.mp3,http://iaspiretonothing.com/daniel/blog/files/2006/06/crf-cvr.jpg,http://iaspiretonothing.com/daniel/blog/files/2006/06/Over%20The%20Rhine%20-%20The%20Cutting%20Room%20Floor%20-%2013%20-%20Helpless%20(Live).mp3
2006-06-13-words-of-the-day-10.markdown,http://dictionary.reference.com/search?r=2&q=querulou
2006-06-15-at-the-rate-we-are-going-technology-and-information-will-run-us-over.markdown,http://www.blueflavor.com/ed/thinking/information_overload.php
2006-06-17-the-freakin-hott.markdown,http://iaspiretonothing.com/daniel/blog/files/2006/06/sc00003c2902_1280x1024_sm.jpg,http://www.thefreakinhott.com,http://thefreakinhott.com/music/rotten_apple.mp3
2006-06-21-mp3-of-the-day-17.markdown,http://iaspiretonothing.com/daniel/blog/files/2006/06/Muse%20-%20Unintended.mp3,http://iaspiretonothing.com/daniel/blog/files/2006/06/Muse%20-%20Uno.mp3
2006-06-22-i-would-go-out-tonight-but-i-havent-got-a-stitch-to-wear.markdown,http://www.amazon.com/gp/product/B00006L3PW/sr=1-7/qid=1150978742/ref=sr_1_7/104-6781323-7043960?%5Fencoding=UTF8&s=music,http://iaspiretonothing.com/daniel/blog/files/2006/06/09%20This%20Charming%20Man.mp3
2006-06-25-mp3s-of-the-day-cartoon-of-the-day.markdown,http://www.iaspiretonothing.com/daniel/blog/files/2006/06/01%20Start%20Again.mp3,http://www.iaspiretonothing.com/daniel/blog/files/2006/06/04%20I%20Don't%20Want%20Control%20Of%20You.mp3
2006-06-25-quote-of-the-day-20.markdown,http://www.amazon.com/gp/product/1560974583/sr=8-7/qid=1151292011/ref=sr_1_7/104-6781323-7043960?ie=UTF8
2006-06-30-spains-ongoing-doping-investigation-turned-into-an-executioner-friday-at-the-tour-de-france.markdown,http://images.velonews.com/images/details/10185.15306.t.jpg
2006-07-03-1461.markdown,http://contagion.dayport.com/viewer/viewerpage.php?Art_ID=95&PreloadContract_DefID=1&Contract_DefID=2&tf=contagionviewer.tpl&Category_ID=3,http://www.velonews.com/tour2006/news/articles/10170.0.html,http://www.olntv.com/action_sport,http://www.olntv.com/cyclysm
2006-07-03-i-hate-to-say-it-but-im-so-glad-lance-isnt-in-the-tour-its-so-much-more-interesting.markdown,http://images.velonews.com/images/details/10209.15364.t.jpg,http://images.velonews.com/images/details/10209.15354.t.jpg,http://velonews.com/tour2006/details/articles/10209.0.html
2006-07-06-word-of-the-day-28.markdown,http://dictionary.reference.com/search?q=leitmotiv
2006-07-11-danielson.markdown,http://iaspiretonothing.com/daniel/blog/files/2006/07/Danielson%20-%20Ships%20-%204%20-%20Did%20I%20Step%20on%20Your%20Trumpet.mp3,http://www.amazon.com/gp/product/B000F2BXI6/qid=1152664536/sr=2-1/ref=pd_bbs_b_2_1/103-3012009-0475802?s=music&v=glance&n=5174,http://danielson.info,http://www.soundsfamilyre.com/soundsfamilyre/media/index.asp,http://danielson.info/site/index.php/music
2006-07-13-w00t-landis-in-yellow-as-menchov-wins-stage-11.markdown,http://images.velonews.com/images/details/10370.15656.t.jpg,http://images.velonews.com/images/details/10370.15655.t.jpg,http://www.velonews.com/tour2006/results/articles/10372.0.html
2006-07-17-word-of-the-day-mp3-of-the-day.markdown,http://iaspiretonothing.com/daniel/blog/files/2006/07/Nourallah%20Brothers%20-%20Nourallah%20Brothers%20-%2010%20-%20I%20Wanna%20Be%20An%20Artist.mp3,http://www.amazon.com/gp/product/B00065TZXW/sr=8-1/qid=1153138990/ref=pd_bbs_1/103-3012009-0475802?ie=UTF8,http://pushthestopthemonkeybutton.com
2006-07-19-bad-day-at-the-tour.markdown,http://contagion.dayport.com/viewer/viewerpage.php?Art_ID=236&PreloadContract_DefID=1&Contract_DefID=2&tf=contagionviewer.tpl&Category_ID=3
2006-07-21-quote-of-the-day-25.markdown,"http://www.chicagotribune.com/news/local/chicago/chi-0607190265jul19,1,3962003.story?coll=chi-newslocalchicago-hed&ctrack=1&cset=true"
2006-07-21-so-floyd.markdown,http://images.velonews.com/images/details/10493.15858.t.jpg,http://www.velonews.com/tour2006/details/articles/10493.0.html,http://images.velonews.com/images/details/10515.15890.t.jpg,http://www.velonews.com/news/fea/10513.0.html
2006-07-22-daniel-miller-suddenly-music-man-about-town.markdown,http://halsamples.com/blog/index.php?ID=466
2006-07-22-fuck-yeah-2.markdown,http://velonews.com/tour2006/details/articles/10536.0.html
2006-07-22-more-dm-gig-at-highlands.markdown,http://www.flickr.com/photos/katemackley/195531543
2006-07-23-landis-wins.markdown,http://velonews.com/images/details/10551.15943.f.jpg,http://velonews.com/tour2006/details/articles/10551.0.html,http://contagion.dayport.com/viewer/viewerpage.php?Art_ID=258&PreloadContract_DefID=1&Contract_DefID=2&tf=contagionviewer.tpl&Category_ID=3,http://contagion.dayport.com/viewer/viewerpage.php?Art_ID=262&PreloadContract_DefID=1&Contract_DefID=2&tf=contagionviewer.tpl&Category_ID=3
2006-07-24-1519.markdown,http://www.velonews.com/tour2006/details/articles/10577.0.html
2006-07-25-word-of-the-day-32.markdown,http://dictionary.reference.com/search?q=nou,http://www.t-mobile-team.com/cms/tmoteam/en/team/team2005/management/templateId=renderInternalPage/contentID=8430/id=9158.html
2006-07-26-aspnet-vs-front-end-architecture.markdown,http://www.garrettdimon.com/archives/aspnet-vs-front-end-architecture
2006-07-28-redesigning-logos-to-be-web-20-compliant.markdown,http://yh.yayhooray.com/thread/90661/yh-collab:-redesign-famous-logos-in-web-2-0-format
2006-07-29-cartoons-of-the-day.markdown,http://iaspiretonothing.com/daniel/blog/files/2006/07/chickenbeach.jpg,http://iaspiretonothing.com/daniel/blog/files/2006/07/chickentrade.jpg
2006-08-04-need-to-get-back-on-the-ol-wagon.markdown,http://iaspiretonothing.com/daniel/blog/files/2006/08/Travis%20-%20Hit%20Me%20Baby%20One%20More%20Time%20(Britney%20Spears).mp3
2006-08-07-serious-bike-pr0n.markdown,http://habi.gna.ch/blog/archives/000755.html
2006-08-10-1563.markdown,http://www4.ncsu.edu/~smheath/news14.html
2006-08-10-ohmanohmanohman.markdown,http://www.brickmovie.net
2006-08-10-quote-of-the-day-29.markdown,http://on-my-desk.blogspot.com/2006/08/tim-harries.html
2006-08-11-quote-of-the-day-30.markdown,http://www.sarahjanesemrad.com/blog/000818.html
2006-08-28-1610.markdown,http://www.guidelive.com/sharedcontent/dws/pt/slideshows/2006/08/eveningadayindallas_2006
2006-08-28-personal-guidelines-i-wrote-down-last-year.markdown,http://jkanstyle.com/2006/08/28/20
2006-08-28-through-the-doplar-effect-i-hear-a-faint-follow-meeee.markdown,http://www.fearlessgearless.com/2006/08/adventures-of-critical-ma
2006-09-01-fud.markdown,http://www.loudthinking.com/arc/000596.html
2006-09-05-on-arranging-books-by-color.markdown,http://www.designobserver.com/archives/017288.html
2006-09-06-the-false-fight-between-fun-and-business.markdown,http://managementwisdom.com/abdrrusac.html,http://www.amazon.com/Re-Creating-Corporation-Design-Organizations-Century/dp/0195123875/sr=8-2/qid=1157228133/ref=pd_bbs_2/104-1242152-8756735?ie=UTF8&s=boo,http://www.nivi.com/blog/article/the-integration-of-work-play-learning-and-inspiration
2006-09-09-forbiddens-pl4yb0y-debut.markdown,"http://wired.com/news/culture/sex/0,71748-0.html"
2006-09-09-mp3s-of-the-day-5.markdown,http://www.amazon.com/Glow-Innocence-Mission/dp/B000002G38/sr=8-1/qid=1157819430/ref=pd_bbs_1/102-3685726-9396143?ie=UTF8&s=music,http://daniel.iaspiretonothing.com/blog/files/2006/09/110-1081_IMG.JPG,http://www.amazon.com/Birds-My-Neighborhood-Innocence-Mission/dp/B000,http://www.amazon.com/Befriended-Innocence,http://www.theinnocencemission.com/music.htm,http://www.amazon.com/Small-Planes-Innocence-Mission/dp/B00005O7S4/sr,http://www.23hq.com/dealingwith/photo/1118942
2006-09-10-just-call-me-the-little-drummer-boy.markdown,http://www.simulacrarecords.com/crushed.html,http://asp6.catalog.com/gypsytearoom.com
2006-09-12-1649.markdown,http://www.loudthinking.com/arc/000598.html
2006-09-13-1651.markdown,http://www.flickr.com/photos/tetheredtothesun/241392496,http://www.flickr.com/people/tetheredtothesun
2006-09-13-mp3s-of-the-day-6.markdown,http://daniel.iaspiretonothing.com/blog/files/2006/09/Brazilian%20Girls%20-%20Brazilian%20Girls%20-%207%20-%20Pussy.mp3,http://daniel.iaspiretonothing.com/blog/files/2006/09/Brazilian%20Girls%20-%20Brazilian%20Girls%20-%202%20-%20Don't%20Stop.mp3,http://daniel.iaspiretonothing.com/blog/files/2006/09/Brazilian%20Girls%20-%20Brazilian%20Girls%20-%2011%20-%20Me%20Gustas%20Cuando%20Callas.mp3
2006-09-16-awesome-ambition-design-film-art-video.markdown,http://www.hillmancurtis.com/hc_web/film_video.shtml
2006-09-17-mp3-of-the-day-my-new-star-crush.markdown,http://media.libsyn.com/media/indieinterviews/Paris_is_Burning.mp3,http://asthmatickitty.com/mp3/my_brightest_diamond_-_workhorse_-_something_of_an_end.mp3
2006-09-19-mp3s-of-the-day-7.markdown,http://daniel.iaspiretonothing.com/blog/files/2006/09/billy_joel.jpg,http://daniel.iaspiretonothing.com/fiction/rob/tim/gra_bPleasure.jpg,http://daniel.iaspiretonothing.com/fiction/rob/tim/gra_bWinston1.jpg,http://daniel.iaspiretonothing.com/blog/files/2006/09/Billy%20Joel%20-%20Sometimes%20A%20Fantasy.mp3,http://daniel.iaspiretonothing.com/blog/files/2006/09/Billy%20Joel%20-%20I%20Don't%20Want%20To%20Be%20Alone.mp3,http://daniel.iaspiretonothing.com/blog/files/2006/09/Billy%20Joel%20-%20Angry%20Young%20Man.mp3,http://daniel.iaspiretonothing.com/blog/files/2006/09/Death%20Cab%20-%20Plans%20-%207%20-%20Your%20Heart%20Is%20an%20Empty%20Room.mp3,http://www.zefrank.com/racerpics/thumbnails.php?album=41
2006-09-19-word-of-the-day-40.markdown,http://dictionary.reference.com/search?q=cathexi
2006-09-20-mp3s-of-the-day-8.markdown,http://daniel.iaspiretonothing.com/blog/files/2006/09/Billy%20Joel%20-%20All%20For%20Leyna.mp3,http://daniel.iaspiretonothing.com/blog/files/2006/09/Buddy%20Rich%20&%20Neil%20Peart%20-%20Pick%20Up%20The%20Pieces.mp3
2006-09-20-quote-of-the-day-36.markdown,http://antiherocomics.com/2006/09/92006-just-thinking.html
2006-09-23-mp3s-of-the-day-9.markdown,http://daniel.iaspiretonothing.com/blog/files/2006/09/23
2006-09-24-mp3s-of-the-day-10.markdown,http://daniel.iaspiretonothing.com/blog/files/2006/09/24
2006-09-25-just-fyi.markdown,http://www.amazon.com/Magnetic-North-Iain-Archer/dp/B000H8RZD0/sr=1-3/qid=1159245809/ref=sr_1_3/102-3685726-9396143?ie=UTF8&s=music
2006-09-27-word-of-the-day-42.markdown,http://oblivio.com/archives/06091401.html
2006-10-04-mp3-of-the-day-19.markdown,http://daniel.iaspiretonothing.com/blog/files/2006/10/The%20Polyphonic%20Spree%20-%20Wait%20-%204%20-%20Lithium.mp3
2006-10-06-availabot.markdown,http://schulzeandwebb.com/2006/availabot
2006-10-06-my-printer-my-social-letterbox.markdown,http://schulzeandwebb.com/blog/2006/10/06/my-printer-my-social-letterbox
2006-10-07-mp3-of-the-day-whodini.markdown,http://daniel.iaspiretonothing.com/blog/files/2006/10/whodini.jpg,http://daniel.iaspiretonothing.com/blog/files/2006/10/Whodini%20-%2001%20-%20Funky%20Beat.mp3,http://daniel.iaspiretonothing.com/blog/files/2006/10/Whodini%20-%2006%20-%20Freaks%20Come%20out%20at%20Night.mp3
2006-10-08-mp3-of-the-day-20.markdown,http://daniel.iaspiretonothing.com/blog/files/2006/10/Josh%20Rouse%20-%20Subtitulo%20-%207%20-%20Givin%20it%20Up.mp3
2006-10-08-word-of-the-day-43.markdown,http://dictionary.reference.com/search?q=oleaginou
2006-10-09-1739.markdown,http://google.com/codesearch?q=%22stupid+user%22&hl=en
2006-10-09-mp3s-of-the-day-11.markdown,http://www.amazon.com/Self-Help-Serenade-Marjorie-Fair/dp/B0009VBU6I/sr=1-1/qid=1160436276/ref=pd_bbs_1/102-3685726-9396143?ie=UTF8&s=music,http://freederekwebb.com,http://www.amazon.com/Girlfriend-Matthew-Sweet/dp/B000FJA9OI/sr=1-1/qid=1160436405/ref=pd_bbs_1/102-3685726-9396143?ie=UTF8&s=music,http://daniel.iaspiretonothing.com/blog/files/2006/10/Marjorie%20Fair%20-%20Self%20Help%20Serenade%20-%2012%20-%20My%20Sun%20Is%20Setting%20Over%20Her%20Magic.mp3,http://daniel.iaspiretonothing.com/blog/files/2006/10/Derek%20Webb%20-%2011%20-%20Love%20Is%20Not%20Against%20The%20Law.mp3,http://daniel.iaspiretonothing.com/blog/files/2006/10/Josh%20Rouse%20-%20Subtitulo%20-%203%20-%20It%20Looks%20Like%20Love.mp3,http://daniel.iaspiretonothing.com/blog/files/2006/10/Matthew%20Sweet%20-%20Girlfriend%20-%2011%20-%20Don't%20Go.mp3
2006-10-15-mp3s-of-the-day-12.markdown,http://daniel.iaspiretonothing.com/blog/files/2006/10/Bee%20Gees%20-%20Bee%20Gees%20-%20Main%20Course%20-%201%20-%20Nights%20On%20Broadway.mp3,http://daniel.iaspiretonothing.com/blog/files/2006/10/Justin%20Timberlake%20-%2001%20-%20FutureSexLoveSound.mp3,http://daniel.iaspiretonothing.com/blog/files/2006/10/The%20Raconteurs%20-%20Broken%20Boy%20Soldiers%20-%201%20-%20Steady%20As%20She%20Goes.mp3,http://www.amazon.com/Broken-Boy-Soldiers-Raconteurs/dp/B000F48CD8/sr=8-1/qid=1160962490/ref=pd_bbs_sr_1/102-3685726-9396143?ie=UTF8
2006-10-16-mp3s-of-the-day-13.markdown,http://www.strangefamousrecords.com/strangefamous/rapsofdeath.mp3,http://www.strangefamousrecords.com/strangefamous/odeto2005.mp3
2006-10-16-sips-2.markdown,http://www.amazon.com/Death-American-Cities-Modern-Library/dp/0679600477/sr=1-1/qid=1160540778/ref=sr_1_1/002-2815912-5682402?ie=UTF8&s=boo
2006-10-16-sips.markdown,http://www.amazon.com/Death-American-Cities-Modern-Library/dp/0679600477/sr=1-1/qid=1160540778/ref=sr_1_1/002-2815912-5682402?ie=UTF8&s=boo,http://www.amazon.com/gp/search-inside/sipshelp.html/ref=sib_sip_help/102-3685726-9396143
2006-10-16-steve-museum.markdown,http://www.steve.museum
2006-10-18-word-of-the-day-46.markdown,http://www.reallivepreacher.com/node/819
2006-10-19-2222.markdown,http://www.thechurchyouknow.com
2006-10-19-mp3-of-the-day-21.markdown,http://daniel.iaspiretonothing.com/blog/files/2006/10/Gym%20Class%20Heroes%20-%20As%20Cruel%20As%20Schoolchildren%20%5bLP%5d%20-%203%20-%20New%20Friend%20Request.mp3,http://www.amazon.com/As-Cruel-as-School-Children/dp/B000FUF80W/ref=pd_bxgy_m_img_b/102-3685726-9396143?ie=UTF8,http://daniel.iaspiretonothing.com/blog/files/2006/10/Gym%20Class%20Heroes%20-%20As%20Cruel%20As%20Schoolchildren%20%5bLP%5d%20-%201%20-%20The%20Queen%20and%20I.mp3,"http://daniel.iaspiretonothing.com/blog/files/2006/10/Gym%20Class%20Heroes%20-%20As%20Cruel%20As%20Schoolchildren%20%5bLP%5d%20-%208%20-%20It's%20OK,%20But%20Just%20This%20Once!.mp3"
2006-10-20-mp3s-of-the-day-14.markdown,http://gorillavsbear.blogspot.com/2006/10/day-after-tomorrow.html
2006-10-28-the-obvious-corp-evan-and-biz-take-back-odeo.markdown,http://www.davidgalbraith.org/archives/001196.html#001196
2006-10-30-christianity-versus-american-christianity.markdown,http://blog.simon-cozens.org/post/view/1113
2006-11-06-1806.markdown,http://www.23hq.com/dealingwith/photo/1377737/original,http://www.23hq.com/dealingwith/album/1377722
2006-11-06-woooo.markdown,http://www.flickr.com/photos/eyetwist/264018918
2006-11-09-google-code.markdown,http://code.google.com/faq.html#q7,http://groups-beta.google.com/group/codesite-discuss/search?group=codesite-discuss&q=sourceforge&qt_g=Search+this+group
2006-11-10-mp3s-of-the-day-16.markdown,http://daniel.iaspiretonothing.com/blog/files/2006/11/drum%20songs.zip
2006-11-16-jd-on-aol.markdown,http://dl.aol.com/index.html?date=2006-11-14&video=1
2006-11-22-mp3s-of-the-day-17.markdown,http://www.amazon.com/Riddim-Warfare-Spooky-That-Subliminal/dp/B00000C2BV/sr=8-5/qid=1164255921/ref=pd_bbs_sr_5/103-7751173-0223835?ie=UTF8&s=music,http://daniel.iaspiretonothing.com/blog/files/2006/11/DJ%20Spooky%20-%20Riddim%20Warfare%20-%202%20-%20Synchronic%20Disjecta.mp3,http://daniel.iaspiretonothing.com/blog/files/2006/11/DJ%20Spooky%20-%20Riddim%20Warfare%20-%206%20-%20Post-Human%20Sophistry.mp3,http://daniel.iaspiretonothing.com/files/06%20demos%203/Daniel%20Miller%20-%20Numb%20Us.mp3
2006-11-29-eleisha-eagle.markdown,http://daniel.iaspiretonothing.com/blog/files/2006/11/light.gif,http://www.standardandpours.com/calendar,http://www.eleishaeagle.com/music.html
2006-12-04-asking-them-to-come-to-a-random-space-with-crappy-lighting-in-the-cold-and-create-a-piece-in-a-mere.markdown,http://www.sarahjanesemrad.com/blog/000865.html
2006-12-04-mp3s-of-the-day-18.markdown,http://daniel.iaspiretonothing.com/blog/files/2006/12/Salim%20Nourallah%20-%20Overwhelmed.mp3,http://daniel.iaspiretonothing.com/blog/files/2006/12/The%20Innocence%20Mission%20-%20Glow%20-%2010%20-%20Spinning.mp3
2006-12-05-immediately-upon-reading-this-i-had-to-type-it-down-for-my-own-benefit.markdown,http://www.amazon.com/Invisible-Cities-Harvest-Hbj-Book/dp/0156453800
2006-12-05-now-this-is-the-kind-of-stuff-that-makes-me-all-hot-etc.markdown,"http://www.wired.com/news/culture/0,1284,66334,00.html?tw=wn_tophead_2"
2006-12-06-i-hope-theres-grace-in-this-town.markdown,http://daniel.iaspiretonothing.com/blog/files/2006/12/Michael%20Miller%20-%20When%20We%20Come%20To%20-%2010%20-%20Pony%20Ride.mp3
2006-12-07-1867.markdown,http://daniel.iaspiretonothing.com/blog/files/2006/12/Various%20-%20I'm%20Your%20Man%20-%2011%20-%20Rufus%20Wainwright%20-%20Everybody%20Knows.mp3,http://overtherhine.com/catalog/blend.html
2006-12-08-1868.markdown,http://daniel.iaspiretonothing.com/blog/files/2006/12/child_2_1.gif,http://sarjanemixalot.livejournal.com
2006-12-13-vagaries-not-really.markdown,http://daniel.iaspiretonothing.com/blog/files/2006/12/10%20Wheels.mp3,http://daniel.iaspiretonothing.com/blog/files/2006/12/Johnny%20Cash%20-%20American%20Recordings%20-%2013%20-%20The%20Man%20Who%20Couldn't%20Cry.mp3,http://daniel.iaspiretonothing.com/blog/files/2006/12/Various%20-%20I'm%20Your%20Man%20-%2015%20-%20Perla%20Batalla%20&%20Julie%20Christensen%20-%20Anthem.mp3,http://daniel.iaspiretonothing.com/blog/files/2006/12/Denison%20Witmer%20-%20Recovered%20-%2010%20-%20These%20Days.mp3,http://daniel.iaspiretonothing.com/blog/files/2006/12/St.%20Vincent%20-%2003%20-%20These%20Days.mp3,http://daniel.iaspiretonothing.com/blog/files/2006/12/Daniel%20Miller%20-%20Our%20World.mp3,http://daniel.iaspiretonothing.com/blog/files/2006/12/Daniel%20Miller%20-%20American%20Dream%20Town.mp3
2006-12-14-mcleod-residence.markdown,http://blog.mcleodresidence.com/2006/12/press_release.html
2006-12-14-request-for-feedback.markdown,http://daniel.iaspiretonothing.com/files/05%20love%20hate/Daniel%20Miller%20-%20Sucker%20For%20Love.mp3,http://daniel.iaspiretonothing.com/blog/files/2006/12/Daniel%20Miller%20-%20Our%20World.mp3,http://daniel.iaspiretonothing.com/files/05%20love%20hate/Daniel%20Miller%20-%20I%20Radio%20Heaven%20(Over%20the%20Rhine).mp3,http://daniel.iaspiretonothing.com/blog/files/2006/12/Daniel%20Miller%20-%20American%20Dream%20Town.mp3,http://daniel.iaspiretonothing.com/files/06%20demos%203/Daniel%20Miller%20-%20Numb%20Us.mp3,http://daniel.iaspiretonothing.com/files/03%20americana%20ep
2006-12-16-1887.markdown,http://daniel.iaspiretonothing.com/blog/files/2006/12/Rhett%20Miller%20-%20Come%20Around.mp3,http://daniel.iaspiretonothing.com/blog/files/2006/12/Over%20The%20Rhine%20-%20When%20I%20Go.mp3
2006-12-16-2024.markdown,http://www.ambrel.net/2006/1129-paper/slides/IMG_5735_polaroid.html,http://www.ambrel.net/2006/1129-paper/slides/IMG_5734_gloss.html
2006-12-17-1889.markdown,http://www.pitchforkmedia.com/article/feature/40185/Staff_List_Top_25_Worst_Album_Covers_of_2006
2006-12-22-cai-guo-qiang.markdown,http://www.caiguoqiang.com/projects_chron.php?id=2006,http://www.caiguoqiang.com/project_detail.php?id=183&iid=0
2006-12-24-mp3s-of-the-day-19.markdown,http://daniel.iaspiretonothing.com/blog/files/2006/12/waiting.png,http://daniel.iaspiretonothing.com/blog/files/2006/12/Advent%20Mix.zip,http://daniel.iaspiretonothing.com/blog/files/2006/12/Daniel%20Miller%20-%20Cliche.mp3,http://daniel.iaspiretonothing.com/blog/files/2006/12/Daniel%20Miller%20-%20When%20I%20Go%20(Over%20the%20Rhine).mp3
2006-12-31-1909.markdown,http://www.gapingvoid.com/Moveable_Type/archives/003580.html
2007-01-04-dont-stand-so-dont-stand-so.markdown,http://www.billboard.com/bbcom/news/article_display.jsp?vnu_content_id=1003527290
2007-01-06-1916.markdown,http://www.gapingvoid.com/Moveable_Type/archives/000729.html
2007-01-06-johnny-citizen-tonight-at-poor-house-in-ft-lauderdale.markdown,http://thefreakinhott.com
2007-01-07-this-is-what-i-remember-about-the-gig.markdown,http://danielsjourney.com/blog/index.php?file=2004_06.xml&id=24170948
2007-01-08-real-empires-ship.markdown,http://alex.golub.name/log/?p=328
2007-01-10-1920.markdown,http://www.gapingvoid.com/Moveable_Type/archives/003629.html
2007-01-11-qotd-4.markdown,http://overheardstarbuck.blogspot.com/2007/01/best-peopleve-closed-their-eyes-shut.html
2007-01-11-songstowearpantsto.markdown,http://re-run.com/article/my-lack-of-update
2007-01-11-word-of-the-day-51.markdown,http://www.amazon.com/Paris-Underground-Caroline-Archer/dp/0972424075/sr=8-1/qid=1168573710/ref=pd_bbs_sr_1/002-0531596-5128058?ie=UTF8&s=boo
2007-01-12-mp3s-of-the-day-random.markdown,http://danielsjourney.com/blog/files/2007/01/05%20Get%20Together.mp3,http://danielsjourney.com/blog/files/2007/01/09%20These%20Eyes.mp3,http://danielsjourney.com/blog/files/2007/01/10%20Aquarius-Let%20the%20Sunshine%20In.mp3
2007-01-14-and-im-very-excited-about-this.markdown,http://www.rinzai.com/2007/01/13/cingular-doesnt-want-iphone-switchers-just-yet
2007-01-15-dont-say-i-love-you-as-youre-walking-away.markdown,http://www.amazon.com/Confessor-Brings-Flood-Neko-Case/dp/B000CS4L1E/sr=8-1/qid=1168837509/ref=pd_bbs_sr_1/105-2962586-9633263?ie=UTF8&s=music,http://danielsjourney.com/blog/files/2007/01/Neko%20Case%20-%2009%20-%20Lion's%20Jaws.mp3,"http://danielsjourney.com/blog/files/2007/01/Neko%20Case%20-%2003%20-%20Hold%20On,%20Hold%20On.mp3"
2007-01-15-word-of-the-day-52.markdown,http://dictionary.reference.com/browse/dybbu
2007-01-16-wont-you-come-in-and-stay-for-a-while.markdown,http://daniel.iaspiretonothing.com/blog/files/2006/12/Daniel%20Miller%20-%20Our%20World.mp3
2007-01-19-omfgroflmao.markdown,http://www.fireland.com/07/harness.html
2007-01-21-feltron.markdown,http://www.feltron.com/06report_index.html,http://www.subtraction.com/archives/2007/0119_optimizing_f.php
2007-01-21-the-consummate-weekend.markdown,http://www.becherovka.cz/en,http://g.littr.com
2007-01-26-168-2.markdown,http://link.brightcove.com/services/link/bcpid271543545/bclid428890160/bctid422563006
2007-01-27-i-know-a-lot-about-the-history-of-cleveland-ohio-disasters-that-have-happened-there.markdown,http://daniel.iaspiretonothing.com/blog/files/2007/01/Adam%20Again%20-%20Worldwide%20Favorites%20-%203%20-%20Hide%20Away.mp3,http://daniel.iaspiretonothing.com/blog/files/2007/01/Adam%20Again%20-%20Worldwide%20Favorites%20-%202%20-%20It%27s%20All%20Right.mp3,http://daniel.iaspiretonothing.com/blog/files/2007/01/Adam%20Again%20-%20Worldwide%20Favorites%20-%2016%20-%20Relapse.mp3,http://daniel.iaspiretonothing.com/blog/files/2007/01/EBTG-Walking_Wounded-%2809%29-Good_Cop_Bad_Cop.mp3,http://myspace-066.vo.llnwd.net/00219/66/09/219569066_l.jpg
2007-01-30-when-i-am-dead-which-given-the-mood-i-am-in-and-the-unkempt-quality-of-my-hair-will-be-very-soon.markdown,http://daniel.iaspiretonothing.com/blog/files/2006/03/what%20matters%20is%20people.jpg,http://danielsjourney.com/blog/index.php?file=2004_02.xml&id=165
2007-01-31-i-would-actually-like-you-to-be-so-jealous-you-hate-me.markdown,http://daniel.iaspiretonothing.com/blog/files/2007/01/mac-book_white.jpg
2007-01-31-mp3-of-the-day-22.markdown,http://daniel.iaspiretonothing.com/blog/files/2007/01/The%20Innocence%20Mission%20-%20Birdless.mp3
2007-02-08-demo-camp-dallas-1.markdown,http://daniel.iaspiretonothing.com/blog/files/2007/02/democamp_dallas_colour_rgb.png
2007-02-08-qsotd.markdown,http://www.hotchickswithdouchebags.com/index.html
2007-02-12-nuther-mp3-of-the-day.markdown,http://www.archive.org/download/otr2005-08-27.flac16/otr2005-08-27d2t09_vbr.mp3
2007-02-14-sj-on-kera.markdown,http://www.kera.org/thin
2007-02-17-introducing-the-book.markdown,http://www.boboroshi.com/2007/2/17/remaindered-links-for-17-feb-2006
2007-02-19-2519.markdown,http://danielsjourney.com/blog/index.php?file=2003_03_06.xml&id=51,http://danielsjourney.com/blog/index.php?file=2003_03_03.xml&id=16
2007-02-19-for-all-dallas-area-self-employed.markdown,http://daniel.iaspiretonothing.com/blog/files/2006/11/aaa12345687.jpg
2007-02-19-mp3s-of-the-day-20.markdown,http://daniel.iaspiretonothing.com/blog/files/2007/02/Salim%20Nourallah%20-%20Polaroid%20-%201%20-%20Everybody%20Wants%20to%20Be%20Loved.mp3,http://happybirthdaydenison.com/music/30/denison_witmer-are_you_lonely.mp3
2007-02-20-2012.markdown,http://www.jordoncooper.com/2004/05/interviewing-daniel-miller.html
2007-02-21-mp3s-of-the-day-21.markdown,http://daniel.iaspiretonothing.com/blog/files/2007/02/Hedwig%20-%20midnight%20radio.mp3,http://daniel.iaspiretonothing.com/blog/files/2007/02/07%20Wicked%20Little%20Town%20(Hedwig%20Versio.mp3,http://daniel.iaspiretonothing.com/blog/files/2007/02/01%20The%20Origin%20of%20Love.mp3,http://www.kittenpants.org/28_grandma/timd4.asp
2007-02-24-the-sky-is-brown.markdown,http://daniel.iaspiretonothing.com/blog/files/2007/02/01%20John%20lennon%20Love.mp3,http://daniel.iaspiretonothing.com/blog/files/2007/02/13%20Olospo%20-%20You%20Deserve%20Better.mp3,http://crainformayor.com/store/product.php?productid=4
2007-02-27-word-of-the-day-53.markdown,http://www.saffo.com/journal/entry.php?id=674
2007-03-02-i-know-youre-scared-so-am-i.markdown,http://daniel.iaspiretonothing.com/blog/files/2007/03/Andy%20Zipf%20-%20i%20stole%20the%20morning%20sun%20-%201%20-%20So%20am%20I.mp3,http://daniel.iaspiretonothing.com/blog/files/2007/03/Circadian%20Rhythm%20-%2007%20-%20Ever%20My%20Love.mp3,http://danielsjourney.com/design
2007-03-02-this-was-interesting-so-soon-after-revisiting-this-goal.markdown,http://www.thisisgoingtobebig.com/2007/03/what_i_learned_.html
2007-03-03-the-increased-micronisation-of-online-personae.markdown,http://assets2.twitter.com/images/twitter.png?1172891461
2007-03-04-2040.markdown,http://www.theinnocencemission.com/we%20walked%20web2%20copy.jpg
2007-03-05-bonos-acceptance-speech-2007-naacp-image-awards.markdown,http://lnboz.livejournal.com
2007-03-07-no-baby-pictures-please.markdown,"http://www.latimes.com/news/opinion/la-oe-stein6mar06,0,6891657.column?coll=la-opinion-rightrail"
2007-03-14-buzzzzzzzzing.markdown,http://www.donewaiting.com/sxsw/archives/2007/03/paste_sxsw_show.php
2007-03-17-yesterday-by-way-of-contextualizing-twitters.markdown,http://www.radiantmusic.tv,http://www.boboroshi.com/2007/3/13/back-in-the-heart-of-texa
2007-03-18-thoughts-over-coffee-on-a-very-quiet-unhungover-sunday-morning.markdown,http://www.amazon.com/We-Walked-Song-Innocence-Mission/dp/B000M7FO8Y/ref=pd_bbs_sr_1/102-6353903-0656102?ie=UTF8&s=music&qid=1174231231&sr=8-1,http://daniel.iaspiretonothing.com/blog/files/2007/03/06%20The%20Innocence%20Mission%20-%20We%20Walked%20In%20Song%20-%20Song%20for%20Tom.mp3,http://daniel.iaspiretonothing.com/blog/files/2007/03/07%20The%20Innocence%20Mission%20-%20We%20Walked%20In%20Song%20-%20Since%20I%20Still%20Tell%20You%20My%20Every%20Day.mp3
2007-03-20-2083.markdown,http://www.hillmancurtis.com/hc_web/film_video/source/fof/table.php
2007-03-27-2098.markdown,http://www.themerlinshow.com/ep/011-interview-peter-hughe
2007-03-31-word-of-the-day-54.markdown,http://www.reference.com/browse/wiki/Patoi
2007-04-02-2112.markdown,http://danielsjourney.com/installations/europe01/europe_01_15.html
2007-04-02-cypher-13.markdown,http://www.cypher13.com/joyengine.htm,http://on-my-desk.blogspot.com/2007/04/cypher-13.html
2007-04-02-elsewhere-imagining-love-dreams.markdown,http://daniel.iaspiretonothing.com/blog/files/2007/04/slingshots.jpg
2007-04-04-chocolate-christ-art-exhibit-cancelled-in-new-york.markdown,http://supertouchblog.com/?p=3445
2007-04-05-not-an-onion-piece.markdown,http://news.yahoo.com/s/nm/20070405/ts_nm/usa_homeless_dc_1,http://halsamples.com/blog/index.php?ID=648
2007-04-07-5-secrets-to-success.markdown,http://www.onlinefandom.com/archives/5-secrets-to-succe
2007-04-15-this-question-concerning-whether-christianity-is-true-is-a-dangerous-one-for-those-who-love-christ.markdown,http://daniel.iaspiretonothing.com/blog/files/2007/04/Over%20The%20Rhine%20-%20%20Failed%20Christian.mp3,http://www.ignite.cd/blogs/Pete/index.cfm#718
2007-05-07-the-logic-of-the-incarnation-e28093-ie-that-something-can-be-present-while-remaining-utterly-unknown.markdown,http://www.ignite.cd/blogs/Pete/index.cfm#737
2007-05-10-i-wont-be-the-one-to-disappoint-you-anymore.markdown,"http://daniel.iaspiretonothing.com/blog/files/2007/05/05%20Love's%20Not%20A%20Competition,%20But%20I'm%20Winning.mp3"
2007-05-11-found-this-record-today-while-doing-some-retail-therapy-its-been-out-of-print-for-about-a-decade.markdown,http://daniel.iaspiretonothing.com/blog/files/2007/05/04%20Safety%20In%20Self.mp3,http://daniel.iaspiretonothing.com/blog/files/2007/05/11%20Just%20One%20Thing.mp3
2007-05-15-links-mp3s-of-the-day.markdown,http://www.asofterworld.com/soft_may11_2007.htm,http://daniel.iaspiretonothing.com/blog/files/2007/05/Salim%20Nourallah%20-%20Polaroid%20-%208%20-%20The%20Ones%20Who%20Hurt%20Us.mp3,http://daniel.iaspiretonothing.com/blog/files/2007/05/Greg%20Laswell%20-%20Through%20Toledo%20-%203%20-%20Worthwhile.mp3,http://daniel.iaspiretonothing.com/blog/files/2007/05/Greg%20Laswell%20-%20Through%20Toledo%20-%205%20-%20High%20And%20Low.mp3,http://daniel.iaspiretonothing.com/blog/files/2007/05/Greg%20Laswell%20-%20Through%20Toledo%20-%206%20-%20Same%20As%20You.mp3
2007-05-21-a-head-spinning-loop-of-connecting-paradigms-concerning.markdown,http://www.ignite.cd/blogs/Pete/index.cfm,http://dictionary.reference.com/search?q=lugubriou
2007-06-07-feed-my-sheep.markdown,http://www.jeffwhatley.com/feed.htm
2007-06-08-mp3-of-the-day-25.markdown,http://daniel.iaspiretonothing.com/blog/files/2007/06/Michael%20Knott%20-%20Nash%20Vegas%20-%2010%20-%20Blame.mp3
2007-06-10-on-pain-art-constraints.markdown,http://daniel.iaspiretonothing.com/blog/files/2007/06/06%20there's%20a%20hole%20in%20the%20sky.mp3
2007-06-16-its-snowing-in-my-heart-could-you-help-me.markdown,http://blahblahblah.beloblog.com/archives/2007/06/salim_nourallah_world_premiere.html
2007-07-08-i-dont-wanna-waste-your-time.markdown,http://www.overtherhine.com/cd18_lyrics.php
2007-07-09-srobert-millars.markdown,http://www.dailymail.co.uk/pages/live/articles/news/news.html?in_article_id=466755&in_page_id=1766&ito=1490
2007-07-13-they-sit-in-silence-and-speak-a-thousand-words.markdown,http://daniel.iaspiretonothing.com/blog/files/2007/07/amariak_ruthomar_2007_05_10_201.jpg
2007-07-16-jonathan-harris-ted-talk.markdown,http://static.videoegg.com/ted/flash/loader.swf
2007-07-16-sure-fatal-doses-of-malcontent-through-osmosis.markdown,http://ec1.images-amazon.com/images/I/01MchFRREIL._AA90_.jpg,http://danielsjourney.com/blog/files/2007/07/02%20Imitosis.mp3
2007-07-17-thats-the-problem-you-dont-give-up.markdown,http://homepage.mac.com/screenmeister
2007-08-03-photosynth.markdown,http://lovelettersofstvincent.blogspot.com/2007/08/welcome-to-metaverse.html
2007-08-05-mp3-of-the-day-27.markdown,http://ec1.images-amazon.com/images/I/517ftLy0qOL._AA240_.jpg,http://www.amazon.com/Ghosts-Great-Highway-Sun-Moon/dp/B000LRZ02K/ref=pd_bbs_1/002-9914693-2567226?ie=UTF8&s=music&qid=1186362199&sr=8-1,http://www.sadreminders.com/interaction/viewtopic.php?id=106,http://danielsjourney.com/blog/files/2007/08/Carry%20Me%20Ohio.mp3
2007-08-08-johnny-goes-public.markdown,http://johnnycitizen.com/style/comp6back.gif
2007-08-10-had-to-share-it-mp3-of-the-day.markdown,http://danielsjourney.com/blog/files/2007/08/Sarah%20Jaffe%20-%20better%20than%20nothing.mp3
2007-08-12-mp3-of-the-day-28.markdown,http://danielsjourney.com/blog/files/2007/08/Colin%20Meloy%20-%20Colin%20Meloy%20Sings%20Morrissey%20-%206%20-%20Every%20Day%20Is%20Like%20Sunday.mp3
2007-08-13-pourquoi-meme-quand-les-gens-saiment-il-y-a-toujours-des-problmes.markdown,http://g-ec2.images-amazon.com/images/I/1146XGHFSKL._AA90_.jpg,http://danielsjourney.com/blog/files/2007/08/04-Je%20Ne%20T'Aime%20Plus.mp3,http://danielsjourney.com/blog/files/2007/08/05-Mentira....mp3
2007-09-07-2285.markdown,http://danielsjourney.com/blog/files/2007/09/01%20Hang%20On.mp3
2007-09-08-london.markdown,http://www.nationalgallery.org.u,http://www.amazon.com/Thousand-Years-Nonlinear-History/dp/0942299329,http://www.designmuseum.org/exhibitions/2007/zahahadid,http://www.designmuseum.org/exhibitions/2007/jonathan-barnbroo
2007-09-09-capital-guest.markdown,http://www.wibsite.com/wiblog/tracy/read.php?25579
2007-09-09-london-pics.markdown,http://www.flickr.com/photos/dealingwith/1350078731
2007-09-10-2295.markdown,http://www.tmcm.com/comics/webcomics/tmcm070910
2007-09-16-the-slack-wishful-sinking.markdown,http://www.theslack.org,http://danielsjourney.com/blog/files/2007/09/04%20nothing%20new.mp3,http://danielsjourney.com/blog/files/2007/09/07%20breaking%20down.mp3,http://www.pegasusnews.com/news/2007/aug/22/new-interview-chris-holt
2007-09-17-a-newish-arg.markdown,http://www.apple.com/trailers/paramount/11808
2007-09-24-a-newish-danielsjourney.markdown,http://danielsjourney.com/design
2007-10-05-mp3s-of-the-day-22.markdown,http://danielsjourney.com/blog/files/2007/10/1_666666.mp3,"http://www.silviacastro.com/mblog/Relax,%20Take%20It%20Easy.mp3",http://www.aolcdn.com/_media/ch_music/athlete_airport_disco.mp3,http://danielsjourney.com/blog/files/2007/10/01%20Busoni.mp3,http://www.onnetworks.com/videos/dinner-with-the-band,http://www.onnetworks.com/videos/dinner-with-the-band/live---welcome-to-the-show,http://www.onnetworks.com/videos/dinner-with-the-band/live---money-back-guarantee,http://audio.wnyc.org/radiolab/radiolab092507pod.mp3
2007-10-07-the-hopeshow.markdown,http://hopeshow.tv
2007-10-21-shadow.markdown,http://danielsjourney.com/blog/files/2007/10/11%20Birds%20Fly-Acoustic%20Mix.mp3
2007-10-22-never-get-involved-in-a-land-war-in-asia.markdown,http://www.flickr.com/photos/dealingwith/1685100734
2007-10-25-ambient-technology-cross-post.markdown,http://www.flickr.com/photos/richwild/982744
2007-10-25-ambient-technology.markdown,http://boboroshi.com/2007/10/16/the-issue-with-social-networ,http://tylerfields.typepad.com,http://hopeshow.tv,http://youtube.com/thehopeshow,http://hopeshow.blip.tv,http://mix.jetsetshow.com/profile/SherrySmith
2007-10-29-robotlab-bios-bible-robot-writing-the-martin-luther-bible-2007.markdown,http://www.flickr.com/people/marcwathieu
2007-10-29-swarm-of-angels-presentation.markdown,http://www.flickr.com/photos/arincrumley/1787876516
2007-10-31-and-on-the-7th-day-they-restedthey-wished.markdown,http://daniel.iaspiretonothing.com/blog/files/2007/10/iStock_000004082105XSmall_crop.jpg,http://hopeshow.tv/?cat=3,http://hopeshow.tv/blog/?p=15,http://daniel.iaspiretonothing.com/blog/files/2007/10/4%20-%20Airport%20Disco.mp3
2007-11-02-mp3-of-the-day-29.markdown,http://daniel.iaspiretonothing.com/blog/files/2007/11/05%20Never%20Can%20Say%20Goodbye.mp3
2007-11-04-from-immediatism.markdown,"http://ecx.images-amazon.com/images/I/11dk4VPbzCL._PIsitb-st-arrow,TopRight,11,-14_OU01_.jpg",http://daniel.iaspiretonothing.com/blog/files/2007/11/0711married-thumb.jpg,http://www.gapingvoid.com/Moveable_Type/archives/004298.html
2007-11-05-iz-in-ur-podcasts.markdown,http://domesticatedmale.com/podcast/?p=23,http://podcasting.meetup.com/31,http://www.domesticatedmale.com/podcast/audio/DM_020.mp3
2007-11-13-2363.markdown,http://halsamples.com/blog/blog.php?ID=817
2007-11-17-mp3-of-the-day-30.markdown,http://danielsjourney.com/blog/files/2007/11/01%20All%20Kinds.mp3,http://www.last.fm/music/Dan+Wilson/_/All+Kind
2007-11-18-yes.markdown,http://daniel.iaspiretonothing.com/blog/files/2007/11/0711globalmicrosobrand.jpg,http://www.gapingvoid.com/Moveable_Type/archives/004339.html,http://daniel.iaspiretonothing.com/blog/files/2007/11/Clipboard01.jpg
2007-11-28-if-there-was-ever-a-solution-looking-for-a-problem.markdown,http://danielsjourney.com/blog/files/2007/11/product-descr-book._V4948744__resized.jpg,http://scobleizer.com/2007/11/25/dear-jeff-bezos-one-week-kindle-review
2007-11-29-theres-no-u-in-color.markdown,http://www.presentimperfect.com/archives/2007/11/theres_no_u_in.html
2007-11-29-we-has-online-commerce.markdown,http://johnnycitizen.com/style/HSSScoverimage00.jpg
2007-12-05-from-the-designer.markdown,http://www.boboroshi.com/2007/12/4/new-client-cd-sleeve
2007-12-08-in-general.markdown,http://hopeshow.tv,http://whokilledthemixtape.blogspot.com/2006/12/ill-reindeer.html,http://www.whokilledthemixtape.com/wp,http://www.theleathercanary.com/2007/12/leather-canary-xma
2007-12-15-any-bigger-spam.markdown,http://www.flickr.com/photos/linzie/1555219489
2007-12-16-post-dreaming-reality.markdown,http://www.gapingvoid.com/Moveable_Type/archives/004375.html
2007-12-21-hates-intenets-explorer.markdown,http://danielsjourney.com/blog/files/2007/12/djdc%20dec%2007.png
2007-12-21-thisphotobylanehartwellcom-lane-hartwell-and-the-great-creative-rights-conundrum.markdown,http://thisphotobylanehartwell.com,http://fetching.net/2007/10/please-dont-steal-my-wor,http://fetching.net/2007/12/my-statement-regarding-the-richter-scales-here-comes-another-bubble-video-dispute,http://www.wired.com/entertainment/theweb/news/2007/12/photographer,http://a.viary.com/bizblog/posts/an-easy-solution-to-dmca-conflict,http://fetching.net/2007/12/my-statement-regarding-the-new-version,http://thisphotobylanehartwell.com/index.php?img=http%3A%2F%2Ffarm3
2007-12-23-faceball.markdown,http://www.flickr.com/photos/carissabyers/2130468896
2007-12-28-isitbirthdaycom.markdown,http://isitbirthday.com/danielmiller
2007-12-29-there-they-are-its-everyone.markdown,http://www.amazon.com/One-Belongs-Here-More-Than/dp/0743299396/ref=pd_bbs_sr_1?ie=UTF8&s=books&qid=1198947861&sr=8-1
2007-12-31-to-the-new-year.markdown,http://daniel.iaspiretonothing.com/blog/files/2007/12/5%20-%20Tragic%20Mirror.mp3,"http://daniel.iaspiretonothing.com/blog/files/2007/12/7%20-%20John,%20Let%20Me%20Go.mp3",http://daniel.iaspiretonothing.com/blog/files/2007/12/10%20-%20She's%20Fantastic.mp3
2008-01-01-tom-conlon-live-in-college-station.markdown,http://integrationresearch.org/archive/tomconlon/Tom%20Conlon%20-%20Live%20in%20College%20Station%20-%202007.zip
2008-01-04-183-2.markdown,http://www.whatisthisgame.com
2008-01-05-wotd-8.markdown,http://dictionary.reference.com/search?q=obstreperou
2008-01-07-johnny-citizen-this-friday.markdown,http://profile.ak.facebook.com/object2/1288/86/n7227933945_5881.jpg
2008-01-09-rapper-changes-name-to-the-dan-miller-experience.markdown,"http://www.sun-sentinel.com/news/custom/fringe/chi-odd-name-change,0,1807832.story"
2008-01-10-we-has-a-chemistry.markdown,http://www.flickr.com/photos/dealingwith/2183175541
2008-01-14-qotd-6.markdown,http://www.uncov.com/2008/1/14/wanna-go-to-chotchkies-get-some-coffee
2008-01-22-random-dream-and-thought.markdown,http://farm2.static.flickr.com/1041/822068542_9ad018bd08_m.jpg
2008-01-24-new-new-danielsjourney-design.markdown,http://danielsjourney.com/blog/files/2008/01/djdc%20jan%2008%20screenshot%20ii.jpg,http://danielsjourney.com/design
2008-02-05-you-walk-back-outside-feeling-like-you-just-gave-blood-or-something-lightheaded-from-citizenry.markdown,http://mirandajuly.com/news/2-4-08
2008-02-06-leave-it-to-lessig.markdown,http://lessig.org/blog/2008/02/20_minutes_or_so_on_why_i_am_4.html
2008-02-07-2476.markdown,http://www.flickr.com/people/dealingwith
2008-02-07-the-antipocalypse.markdown,http://daniel.iaspiretonothing.com/blog/files/2008/02/movement_128.jpg
2008-02-13-more-twitter-stuff.markdown,http://qwitter.tobaccofreeflorida.com,http://www.commuterfeed.com,http://tweetgift.com
2008-02-21-why-are-brands-in-decay.markdown,http://preview.hbsp.permissiontv.com/ptvweb_loader.swf?gui=single&plid=738359&showID=738307&appprefix=http://video.hbsp.com,http://video.hbsp.com/?plid=738359&showID=738307,http://sugarfilled.com/feed
2008-02-22-announcing-sugarfilled.markdown,http://sugarfilled.com/feed
2008-02-22-announcing-the-birth-of.markdown,http://sugarfilled.com/announce/01
2008-02-25-the-gap-between-the-artists-and-the-real-estate-developers-has-gotten-very-small-in-our-modern-times.markdown,http://www.thebrooklynrail.org/spotlight/july04/wilson.html
2008-02-28-fwailter.markdown,http://jakoblodwick.com/post/25173777,http://normative.com
2008-02-29-2524.markdown,http://daniel.iaspiretonothing.com/blog/files/2008/02/fSymsOGXO5xqp1myms0Cg4tD_500.gif
2008-02-29-well-this-is-interesting.markdown,http://www.dallasobserver.com/2008-02-28/music/melodica-festival-self-indulgent-but-still-positive-for-dalla,http://weshotjr.com/?entryid=9075131783305489132
2008-03-12-updated-danielsjourney.markdown,http://www.flickr.com/photos/dealingwith/2329648995,http://danielsjourney.com/blog/files/2008/03/10%20Parade%201.mp3
2008-03-16-mp3-of-the-day-32.markdown,http://danielsjourney.com/blog/files/2008/03/The+Frames+-+Love+Will+Tear+Us+Apart.mp3
2008-03-18-i-has-written-something-for-online.markdown,http://lakewood-now.net/view/article/2533
2008-03-23-radiolab-on-deception.markdown,http://www.wnyc.org/shows/radiolab/episodes/2008/02/29
2008-03-24-2546.markdown,http://www.theyblinked.com/blog/2008/03/current-situation-in-tibet-is-about.html
2008-03-24-editing-becomes-a-more-explicit-act-of-sorting-shuffling-balancing-paragraphs.markdown,http://abriefmessage.com/2008/03/24/ford
2008-03-26-went-mountain-biking-on-my-birthday.markdown,http://www.flickr.com/photos/carissabyers/2362680971
2008-03-31-i-like-to-ride-my-bicycle.markdown,http://www.carbonsports-shop.de/catalog/images/RadhoseKurz.jpg
2008-04-01-new-johnny-citizen.markdown,http://virb.com/johnnycitizen,http://virb.com/johnnycitizen/blog
2008-04-06-to-have-more-clean-fun-on-a-saturday-night-might-require-being-criminal.markdown,http://www.carissabyers.com/Music%20on%20Web/Miller%2033/04%20Happy%20Bullets.mp3,http://textism.com/2008/04/06/idea.for.a.hot.vertical
2008-04-10-ive-totally-been-having-this-problem-lately.markdown,http://www.43folders.com/2008/04/10/getting-unstuc
2008-04-10-uwe-boll.markdown,http://feeds.feedburner.com/~r/epicfublog/~3/267645423/uwe-boll-wants-you-to-look-har.html
2008-04-10-very-little-offered-nothing-expected-in-return-i-can-get-behind-that.markdown,http://textism.com/2008/04/10/did.you.really
2008-04-11-random-3.markdown,http://danielsjourney.com/blog/files/2008/04/13%20The%20Weight.mp3
2008-04-12-a-bit-more-on-the-starbucks-ideas-thing.markdown,http://www.salesforce.com/products/idea
2008-04-13-twitter-account-on-ebay.markdown,http://cgi.ebay.com/ws/eBayISAPI.dll?ViewItem&item=160229562828
2008-04-17-penn-and-papa-bears-house.markdown,http://www.flickr.com/photos/carissabyers/2421543282
2008-04-21-tom-conlon-apr-20-dallas-house-concert.markdown,http://www.flickr.com/photos/dealingwith/2431194209
2008-04-26-art-redux-notes.markdown,http://www.flickr.com/photos/vol25/2366661023,http://www.amazon.com/Immediatism-Hakim-Bey/dp/1873176422/ref=pd_bbs_sr_1?ie=UTF8&s=books&qid=1209239548&sr=8-1,http://www.flickr.com/photos/dealingwith/2449382173
2008-04-28-more-on-this-later-i-have-art-to-make-ha-ha-ha-ha.markdown,http://www.gapingvoid.com/Moveable_Type/archives/004504.html
2008-04-29-lately.markdown,http://danielsjourney.com/blog/files/2008/04/06%20I%20Hate%20Your%20Blog.mp3,http://danielsjourney.com/blog/files/2008/04/07%20It%20Is%20Pitch%20Dark.mp3
2008-04-30-cory-doctorow-a-singular-metaphor.markdown,http://dealingwith.livejournal.com/tag/word+of+the+day
2008-05-07-2628.markdown,"http://www.bicycling.com/article/0,6610,s-1-18-17082-1,00.html"
2008-05-07-daniel-miller.markdown,http://www.flickr.com/photos/carissabyers/2473118424
2008-05-14-paulo-coelho-seems-to-get-it.markdown,http://blog.projectpedal.com/2008/05/person-who-does-not-share.html
2008-05-16-favrd.markdown,http://textism.com/favrd,http://textism.com/2008/05/16/oh.look.another.web.app
2008-05-17-muto-a-wall-painted-animation-by-blu.markdown,http://rattusphere.com
2008-05-18-mp3s-of-the-day-23.markdown,http://danielsjourney.com/blog/files/2008/05/Happy.zip
2008-05-25-looks-like-the-ability-to-view-a-friends-collective-timeline-on-twitter-is-going-away.markdown,http://whentwitterisdown.com,http://www.hueniverse.com/hueniverse/2008/03/on-scaling-a-mi.html
2008-05-31-mp3s-of-the-day-st-vincent-live-in-north-texas-x2.markdown,http://www.flickr.com/people/inmemoryofradio
2008-06-06-in-the-i-didnt-know-i-had-this-track-dept.markdown,http://www.last.fm/music/Don+Peris/Ten+Silver+Slide+Trombone
2008-06-09-kemmelberg.markdown,http://www.rapha.cc/index.php?page=484,http://www.rapha.cc/index.php?page=94
2008-06-23-howz-about-google-just-hosts-everything-for-everyone-for-alltime-kthxbye.markdown,http://code.google.com/webtoolkit,http://code.google.com/apis/ajaxlib,http://googlewebtoolkit.blogspot.com/2008/06/as-you-may-know-google
2008-07-03-dinner-with-lauren-mclaughlin.markdown,http://www.laurenmclaughlin.net
2008-07-04-the-dalai-lamas-youngest-brother.markdown,http://www.tokyomango.com/tokyo_mango/2008/06/my-interview-wi.html
2008-07-04-the-train.markdown,http://nocommercialpotential.net/unjustifiedText/Fluttered
2008-07-08-what-i-read.markdown,http://danielsjourney.com/blog/google-reader-subscriptions.xml,http://danielsjourney.com/blog/reading,http://code.google.com/webtoolkit
2008-07-08-wotd-13.markdown,http://www.flickr.com/photos/rer212/165771072
2008-07-11-im-telling-you-dogs-on-twitter-is-the-new-fad.markdown,http://adocu.com
2008-07-11-qotd-motd.markdown,http://popsheep.com/2008/05/diamonds.html
2008-07-14-um-omg-ok-im-just-going-to-go-back-to-bed-now.markdown,http://code.google.com/creative/radiohead
2008-07-18-frustrations.markdown,http://code.google.com/webtoolkit
2008-07-19-frustrations-update.markdown,http://www.openlaszlo.org
2008-07-20-noah-and-the-whale-5-years-time.markdown,http://danielsjourney.com/blog/files/2008/07/Noah_and_the_Whale
2008-07-22-karadzic-arrested.markdown,http://explore.twitter.com/ehampton/statuses/864862658
2008-07-22-t-shaped-people.markdown,http://www.fastcompany.com/node/52795/print
2008-07-22-the-drum-room.markdown,http://www.flickr.com/photos/carissabyers/2693266948
2008-08-01-glass-house-that-is-the-web.markdown,http://blog.delicious.com/blog/2008/07/oh-happy-day.html
2008-08-02-coolculturearttechnologytimeattention.markdown,http://search.twitter.com/search?q=startupcamp
2008-08-03-on-hipsters.markdown,http://www.al3x.net/2008/07/on-hipsters.html
2008-08-08-rapha-continental-richard-sachs.markdown,http://www.rapha.cc/continental/index.php?page=470
2008-08-09-danielsjourney-blog-archive-reader.markdown,http://danielsjourney.com/blog/reader
2008-08-11-ite28099s-amazing-how-many-dashing-around-playing-entrepreneur-and-yelling-into-a-phone.markdown,http://www.43folders.com/2008/08/11/idea
2008-08-12-bloom-plans-sarajevo-siege-film.markdown,http://www.billcarter.cc/mainpages/films.htm,http://ellensjourney.org/stranger/?p=400
2008-08-25-staycation.markdown,http://www.flickr.com/photos/carissabyers/2797561502
2008-08-28-mp3otd.markdown,http://www.jonathancoulton.com/mp3/Baby%20Got%20Back.mp3
2008-08-31-last-night.markdown,http://dylansneed.com/index.aspx,http://dylansneed.com/shows.aspx,http://danielsjourney.com/blog/files/2008/08/01%20No%20Worse%20for%20
2008-09-02-mp3otd-jeremy-enigk-live-interview.markdown,http://aolradio.podcast.aol.com/aolmusic/The_Interface_Jeremy_Enigk.mp3
2008-09-04-mp3otd-2.markdown,http://ia350632.us.archive.org/1/items/bengibbard2007-05-09.flac16/bengibbard2007-05-09t14_vbr.mp3
2008-09-18-random-quotes.markdown,http://endie.net/cs/blogs/endie/archive/2008/09/07/Sonseed_Im_calling_it_as_fake.aspx
2008-09-19-new-mashsf-videos.markdown,http://www.mashsf.com/videos.php
2008-09-20-not-so-much-with-the-blogger-so-elsewhere.markdown,http://www.yongfook.com/items/view/94/the-blog-is-dead
2008-09-22-id-like-the-3-rawhide-meal-super-sized.markdown,http://www.flickr.com/photos/carissabyers/2878475151
2008-09-22-remanence-of-brunch.markdown,http://www.flickr.com/photos/carissabyers/2879490056
2008-09-23-trampoline.markdown,http://www.flickr.com/photos/dealingwith/2883474317
2008-09-27-2804.markdown,http://www.levendbehang.nl
2008-09-27-the-living-room.markdown,http://www.levendbehang.nl,http://www.levendbehang.nl/blog/livingroom2.jpg,http://www.mindhaven.com/blog
2008-09-28-2807.markdown,http://is.gd/3gf6
2008-10-01-are-you-happy-cause-my-happy-meter-says-no.markdown,http://danielsjourney.com/blog/files/2008/10/Happy.mp3
2008-10-02-i-can-has-gigs.markdown,http://virb.com/johnnycitizen/blog/964708
2008-10-05-rapha-gentlemens-race.markdown,http://www.rapha.cc/continental/index.php?page=616
2008-10-07-new-trick.markdown,http://www.flickr.com/people/fastboy,http://www.flickr.com/photos/fastboy/sets/72157607598225552
2008-10-10-zuiprezi-and-kitchen-budapest.markdown,http://zuiprezi.com/team,http://zuiprezi.com/prezi/167/view,http://zuiprezi.com/try,http://zuiprezi.kibu.hu/customers/kibu-at-telekom-120408
2008-10-11-two-crossposts-plus-plus.markdown,http://virb.com/johnnycitizen/blog/979882,http://www.plano.gov/Departments/parksandrecreation/recenters/interurban.htm
2008-10-16-my-day-yesterday.markdown,http://www.flickr.com/people/garrettmurray
2008-10-20-2825.markdown,http://danielsjourney.com/mccain
2008-10-26-grandfather-had-us-looking-up-the-greek-word-for-gain-based-on-this-passage.markdown,http://www.greekbible.com/i.php?t=%E1%BC%90%CE%BC%CE%BF%E1%BD%B6,http://www.greekbible.com/i.php?t=%CE%B3%E1%BD%B0%CF%81,http://www.greekbible.com/i.php?t=%CF%84%E1%BD%B8,http://www.greekbible.com/i.php?t=%CE%B6%E1%BF%86%CE%BD,http://www.greekbible.com/i.php?t=%CE%A7%CF%81%CE%B9%CF%83%CF%84%E1%BD%B8%CF%82,http://www.greekbible.com/i.php?t=%CE%BA%CE%B1%E1%BD%B6,http://www.greekbible.com/i.php?t=%E1%BC%80%CF%80%CE%BF%CE%B8%CE%B1%CE%BD%CE%B5%E1%BF%96%CE%BD
2008-11-06-oh-my.markdown,http://video.google.com/videoplay?docid=8953172273825999151
2008-11-06-when-you-said-change-i-believed-you-but-i-didnt-think-you-meant-in-two-days-time.markdown,http://video.google.com/videoplay?docid=8953172273825999151
2008-11-07-obamas-win-a-death-knell-for-1960s-cultural-politics.markdown,http://tpmelectioncentral.talkingpointsmemo.com/2008/11/obamas_win_the_death_of_nixonl.php,http://www.mnftiu.cc/2008/11/06/more-sweet-music-to-my-ear
2008-11-23-the-human-oxytocin-mediated-attachment-system.markdown,http://blogs.psychologytoday.com/blog/the-moral-molecule/200811/how-run-a-con
2008-11-28-thanksgiving.markdown,http://www.flickr.com/photos/carissabyers/3066176564,http://www.rapha.cc/continental/index.php?page=654
2008-12-04-wotd-17.markdown,http://xarg.net/blog/one-entry?entry_id=20005,http://www.amazon.com/exec/obidos/ASIN/0141186852
2008-12-09-unsaved-by-the-bell.markdown,http://www.neatorama.com/2008/12/08/the-science-behind-some-popular-phrase
2008-12-16-mp3otd-4.markdown,http://www.doctoroctoroc.com/8BitJesus/09%20Super%20Jingle%20Bros.mp3,http://www.doctoroctoroc.com/video-game-inspired-music/8-bit-jesus-new-christmas-chip-tune-album
2008-12-17-so-you-think-its-really-good-yeah.markdown,http://powazek.com/feeder/?FeederAction=clicked&feed=Articles+%28RSS2%29&seed=http%3A%2F%2Fpowazek.com%2Fposts%2F1522&seed_title=Making+The+Bloody+Thing+Up
2008-12-18-2886.markdown,http://www.gapingvoid.com/Moveable_Type/archives/004754.html
2008-12-22-byers-smith-miller-2008.markdown,http://www.flickr.com/photos/carissabyers/3129040890
2009-01-03-qotd-15.markdown,http://rhetoricaldevice.com/AngelsRollTheRockAway.html
2009-01-04-surprise-2.markdown,http://www.flickr.com/people/carissabyer
2009-01-07-mp3otd-5.markdown,http://danielsjourney.com/blog/files/2009/01/Champagne%20Supernova%20(Oasis%20Cover).mp3
2009-01-07-qotd-16.markdown,http://rhetoricaldevice.com/ButForTheGrace.html
2009-01-08-qotd-17.markdown,http://peoplewhodeserveit.com/2009/01/08/75-compulsive-liar
2009-01-14-mp3sotd-the-lost-dogs.markdown,http://danielsjourney.com/blog/files/2009/01/09%20Jimmy.m4a,http://danielsjourney.com/blog/files/2009/01/08%20If%20It%20Be%20Your%20Will.m4a
2009-01-30-charts.markdown,http://www.gridplane.com/html/projects/data-vi,https://xd.adobe.com/#/featured/video/111
2009-01-30-destroy-all-art.markdown,http://www.dallasobserver.com/slideshow/view/230884/1
2009-02-13-mp3s-of-the-day-24.markdown,http://userserve-ak.last.fm/serve/252/267669.jpg
2009-02-19-mp3otd-7.markdown,http://danielsjourney.com/blog/files/2009/02/The%20Beastles.zip
2009-02-28-more-great-freakin-rapha-video-and-stuff.markdown,http://rapha.cc/continental/index.php
2009-03-03-diy-corporate-sponsored-arg-stuffs.markdown,http://www.karlfreeman.co.uk/2009/lee-brimelows-london-dead-drop-explained
2009-03-05-kropilak.markdown,http://newsfeed.kosmograd.com/kosmograd/2009/02/kropilak.html
2009-03-20-sxsw-2.markdown,http://search.twitter.com/search?q=+d-bag+OR+douchebag+OR+douchebags+OR+bullshit+OR+blog+OR+blogger+from%3Adealingwith,http://www.flickr.com/photos/armiller/3362592775,http://www.adaptivepath.com/aboutus/leah.php
2009-03-23-dont-normally-subscribe-to-anything-he-says-but-this-was-good-stuff.markdown,http://scobleizer.com/2009/03/21/why-facebook-has-never-listened-and-why-it-definitely-wont-start-now
2009-03-25-22-weeks-5-days.markdown,http://www.flickr.com/photos/carissabyers/3385916534
2009-03-27-son-lux-break.markdown,http://www.amazon.com/War-Walls-Mazes-Son-Lux/dp/B00127ISDG/ref=pd_bbs_sr_1?ie=UTF8&s=music&qid=1238192777&sr=8-1
2009-04-01-mp3-of-the-day-35.markdown,http://www.ilovestvincent.com/news/149/hear-the-new-song-the-strangers-from-st-vincents-new-album-actor-out-may-5
2009-04-02-hello-collecta.markdown,http://danielsjourney.com/suggestomatic,http://danielsjourney.com/collecta/swim,http://danielsjourney.com/files/cv
2009-04-02-suggest-o-matic-2.markdown,http://danielsjourney.com/suggestomatic
2009-04-02-suggest-o-matic.markdown,http://danielsjourney.com/suggestomatic
2009-04-03-mp3s-of-the-day-27.markdown,http://sonlux.blogspot.com/2009/01/complete-list-of-available-recordings.html,http://danielsjourney.com/blog/files/2009/03/09%20-%20Stand.mp3
2009-04-13-easter.markdown,http://blogs.wnyc.org/radiolab/2009/04/07/in-silence
2009-05-22-tracking-moods-on-twitter.markdown,http://www.bigspaceship.com/portfolio/hope-vs-despair
2009-05-26-zero-kerned-fonts-make-illustrations-of-words.markdown,http://www.civico201.com/2008/10/29/aierbazzi,http://www.civico201.com/2008/10/05/bagarozz
2009-06-22-love-this-graphic.markdown,http://layertennis.com/090619b/index.php
2009-07-30-hello-world-2-2.markdown,http://www.danielsjourney.com/blog/files/2009/07
2009-08-12-the-fight-for-simplicity.markdown,http://coderific.com/blog/post/564,http://www.threeriversinstitute.org/blog/?p=333
2009-08-25-should-there-be-a-unified-set-of-styles-for-web-interfaces.markdown,http://www.usabilitypost.com/2009/08/24/unified-set-of-styles-for-web-interfaces/comment-page-1
2009-10-15-music.markdown,http://www.thedfgcorporation.co.u
2009-10-22-left-vs-right-infographic.markdown,http://infobeautiful.s3.amazonaws.com/leftright_EU_550n.gif,http://www.informationisbeautiful.net/leftvright_world.html
2009-12-17-i-follow-the-path-of-the-comet.markdown,http://www.jet-pack.net/?page_id=131,http://danielsjourney.com/blog/files/2009/12/03%20We%20Three%20Kings%20of%20Orient%20Are.mp3
2009-12-30-2009-fives-part-1-culture.markdown,http://www.amazon.com/Constellation/dp/B001TOL2YE/ref=sr_1_2?ie=UTF8&s=dmusic&qid=1262151042&sr=8-2,http://www.amazon.com/gp/product/B001Q8E9LG/sr=8-7/qid=1262151042/ref=sr_digr_7?ie=UTF8&qid=1262151042&sr=8-7,http://www.amazon.com/Rhett-Miller/dp/B002BA7MG2/ref=dm_cd_album_lnk?ie=UTF8&qid=1262151119&sr=8-1,http://www.dmagazine.com/Home/2009/08/01/Ronnie_Claire_Edwards.aspx,http://_why.usesthis.com
2009-12-30-2009-fives-part-2-fails.markdown,http://chandlerproject.org
2009-12-31-2009-fives-part-3-wins.markdown,http://blog.collecta.com/2009/06/18/collecta-launched-today,http://blog.collecta.com/2009/07/06/upgrading-the-backend,http://blog.collecta.com/2009/08/26/techcrunch-collecta-adds-sharing,http://blog.collecta.com/2009/09/10/let-the-games-begin,http://blog.collecta.com/2009/10/16/the-xmpp-real-time-app-challenge,http://blog.collecta.com/2009/11/20/collecta-powers-real-time-search,http://blog.collecta.com/2009/12/15/behind-the-scenes-soon-well-be,http://blog.collecta.com/2009/12/22/start-here-to-find-out-what,http://blog.collecta.com/2009/12/29/collecta-real-time-search
2010-01-02-no-legendary-design-on-the-web.markdown,http://uxhero.com/ux-theory/why-there-are-no-legendary-web-designer
2010-01-09-totally-obsessed-with-glo-fi-right-now.markdown,http://danielsjourney.com/files/Washed%20Out.zip
2010-01-13-washed-out-more-great-art-from-people-younger-than-you-who-dont-care-if-you-think-its-great-art.markdown,http://dealingwith.livejournal.com/tag/hakim+bey
2010-01-20-chief-taste-officer-i-like-the-sound-of-that-maybe-benevolent-dictator-of-design.markdown,http://uxhero.com/ux-theory/can-you-reinvent-a-software-company-by-hiring-a-pixel-pusher,http://uxhero.com/ux-theory/pop-quiz-who-is-your-god-of-ux
2010-02-15-bad-buzz.markdown,http://www.poetpainter.com/thoughts/article/what-a-designer-does-part-i
2010-07-17-on-shipping.markdown,http://www.apple.com/antenna,http://scraplab.net/2010/07/17/youve-either-shipped-or-you-havent
2010-09-14-coping.markdown,http://2010.danielsjourney.com/2010/10/02/in-order-to-remember-we-must-first-forget.html,http://www.aetv.com/hoarders/)_
2010-11-21-chris.markdown,http://www.amazon.com/gp/product/B001Q8GBVM?ie=UTF8&tag=wwwdanielsjou-20&linkCode=as2&camp=1789&creative=390957&creativeASIN=B001Q8GBVM
2010-12-08-boulder.markdown,http://www.happynoodlehouse.com/TheBitterBar/tabid/464/Default.aspx
2010-12-21-tableau.markdown,http://coloured.net/john/portfolio,http://coloured.net/john/portfolio/daydar
2010-12-21-the-gathering-gloom.markdown,http://purchase.thebeatensea.com/track/the-gathering-gloom-in-the-stable-room,http://purchase.thebeatensea.com/track/the-gathering-gloom-in-the-stable-room
2011-01-01-out-with-the-old.markdown,http://danielmiller.bandcamp.com/album/happy-sounding-sad-songs)_,http://danielmiller.bandcamp.com/track/dont-tell-me)_
2011-01-05-the-machine.markdown,http://danielsjourney.com/files/Movement_130_20-21.pdf)_
2011-01-06-wwic-why-wasnt-i-consulted.markdown,http://cache.gawker.com/assets/images/comment/9/2010/04/4238e5f9f0a180cf4f11b94fd1c1a032/340x.png
2011-01-22-new-danielsjourney.markdown,http://weightshift.com/memo/created/the-personal-page,https://github.com/dealingwith/The-Personal-Page/blob/master/script.j
2011-01-24-reamericana.markdown,http://danielmiller.bandcamp.com/album/happy-sounding-sad-songs)_,http://danielmiller.bandcamp.com/track/clich]))_
2011-03-07-bikes.markdown,http://gilmourbicycles.u,http://prollyisnotprobably.com/2011/02/2011_nahbs_recon_kirk_framewor.php,http://prollyisnotprobably.com/2011/03/recent_roll_god_is_in_the_deta.php,http://www.flickr.com/photos/actu24/3386649913/in/faves-dealingwith
2011-03-12-good-writing-is-good.markdown,http://pinboard.in/blog/173
2011-03-22-determined.markdown,http://2010.danielsjourney.com/2011/02/24/what-now.html)&rdquo,http://2010.danielsjourney.com/2011/02/28/I-can-not-go-on.html)&rdquo,http://2010.danielsjourney.com/2011/03/07/bikes.html)&rdquo
2011-04-02-existential-indifference.markdown,http://todoblin.com
2011-05-22-lately.markdown,http://extrasauce.com)...bad,http://gowalla.com/checkins/37114225
2011-07-05-son-lux-etc.markdown,http://t.co/84FfI4Q
2011-08-14-new-year.markdown,http://2010.danielsjourney.com/files/NewYear
2011-09-06-three-day-weekend-day-three.markdown,http://g.co/maps/pbxb
2011-11-07-worst-day.markdown,http://2010.danielsjourney.com/2011/10/28/dread.html))--but,http://www.cdbaby.com/cd/paulslaven
2011-11-18-the-rest-is-just-a-guess.markdown,http://skouri.tumblr.com/post/11243700503/solitude-thelonious-monk-ft-dario-pegoretti-en
2011-12-21-merry-christmas.markdown,http://www.danielsjourney.com/blog/files/2011/A%20Very%20Daniel%20Christmas%20Mix.zip
2012-01-01-rapha.markdown,http://www.rapha.cc/festive-500
2012-01-03-slowing-opening-the-can-of-worms-editors.markdown,http://www.vim.org/)/[Emacs](http://www.gnu.org/software/emac
2012-01-11-cow-clicker.markdown,http://blog.danielsjourney.com/2011/04/15/shit-crayon
2012-02-06-minutia-and-a-new-danielsjourney.markdown,http://twitter.github.com/bootstrap
2012-03-15-rate-of-change-part-1.markdown,http://themusicgroup.org/track/what-am-i-supposed-to-do
2012-03-20-son-lux-live.markdown,http://music.sonluxmusic.com/track/flower,http://blip.tv/btrlivestudio/son-lux-btr-live-studio-ep89-5900318
2012-05-15-intellectual-property-primer.markdown,http://farm4.staticflickr.com/3396/3640362081_a27c43de6e_z.jpg)](http://www.flickr.com/photos/qthomasbower/3640362081/in/photostream,http://2005.danielsjourney.com/blog/2009/12/30/2009-fives-part-2-fail
2012-05-16-ip-followup-music-and-youtube.markdown,http://themusicgroup.org/track/i-radio-heaven,http://2005.danielsjourney.com/blog/2009/12/30/2009-fives-part-2-fail,http://themusicgroup.org/album/memorial
2012-06-23-yesterday.markdown,http://distilleryimage4.instagram.com/3781b14abd5511e1a39b1231381b7ba1_7.jpg)](http://instagr.am/p/MOVq4RHNm8
2012-07-19-7-months.markdown,http://farm8.staticflickr.com/7122/7590991054_cde1a5c751_z.jpg)](http://www.flickr.com/photos/carissabyers/7590991054
2012-07-21-bicycling-as-aesthetic.markdown,http://farm8.staticflickr.com/7228/7302666568_cf537411be_z.jpg)](http://www.flickr.com/photos/smashred/7302666568/in/faves-dealingwith,http://farm9.staticflickr.com/8014/7433130290_0a65f374f9_o.jpg)](http://www.flickr.com/photos/smashred/7433130290/in/faves-dealingwith,http://farm9.staticflickr.com/8024/7482309840_0be02f2560_o.jpg)](http://www.flickr.com/photos/smashred/7482309840/in/faves-dealingwith,http://farm9.staticflickr.com/8146/7307320178_605f843cb4_z.jpg)](http://www.flickr.com/photos/smashred/7307320178/in/photostream
2012-07-30-oklahoma.markdown,http://farm9.staticflickr.com/8011/7651443184_01a7d8482c_o.jpg)](http://www.flickr.com/photos/carissabyers/7651443184/in/photostream,http://farm9.staticflickr.com/8147/7651458884_4ba3b78ac6_o.jpg)](http://www.flickr.com/photos/carissabyers/7651458884/in/photostream,http://farm9.staticflickr.com/8422/7652477306_9a4721d01d_o.jpg)](http://www.flickr.com/photos/carissabyers/7652477306/in/photostream,http://farm9.staticflickr.com/8283/7658917568_6c14ef09b2_o.jpg)](http://www.flickr.com/photos/carissabyers/7658917568/in/photostream,http://farm9.staticflickr.com/8281/7658958114_f36bd22f40_o.jpg)](http://www.flickr.com/photos/carissabyers/7658958114/in/photostream,http://farm9.staticflickr.com/8010/7658899958_9ac47a5489_o.jpg)](http://www.flickr.com/photos/carissabyers/7658899958/in/photostream,http://farm9.staticflickr.com/8145/7659473302_486c485aaf_o.jpg)](http://www.flickr.com/photos/carissabyers/7659473302/in/photostream,http://farm8.staticflickr.com/7110/7664581858_d0b5d45fb3_o.jpg)](http://www.flickr.com/photos/carissabyers/7664581858/in/photostream,http://farm8.staticflickr.com/7261/7664582008_b682596598_o.jpg)](http://www.flickr.com/photos/carissabyers/7664582008/in/photostream,http://farm9.staticflickr.com/8422/7665296128_66899b3500_z.jpg)](http://www.flickr.com/photos/dealingwith/7665296128/in/photostream
2012-08-12-lucy-8-months.markdown,http://farm9.staticflickr.com/8297/7759091402_c924d17fdb_z.jpg)](http://www.flickr.com/photos/carissabyers/7759091402/lightbox,http://farm9.staticflickr.com/8307/7759086422_dc4afdcd5c_z.jpg)](http://www.flickr.com/photos/carissabyers/7759086422/lightbox
2012-08-16-breakup-songs.markdown,http://farm3.staticflickr.com/2322/2241989981_bb800c8b2a_z.jpg)](http://www.flickr.com/photos/bored-now/2241989981
2012-09-03-ghost-rider.markdown,http://www.amazon.com/Ghost-Rider-Travels-Healing-Road/dp/1550225480/)_
2012-09-20-xoxo.markdown,http://recollect.com/xoxo/timeline,http://www.jfklibrary.org/Research/Ready-Reference/RFK-Speeches/Remarks-of-Robert-F-Kennedy-at-the-University-of-Kansas-March-18-1968.aspx,http://www.star-telegram.com/2012/09/20/4275671/memorial-ride-planned-for-friday.html
2012-10-07-nic.markdown,http://www.vaux.net/services-archive
2012-11-06-daddys-girls.markdown,http://farm9.staticflickr.com/8471/8142180676_2c28de05c0_b.jpg)](http://www.flickr.com/photos/carissabyers/8142180676/in/photostream,http://www.flickr.com/photos/carissabyers/4779129420
2012-11-12-today-is-a-wonderful-day.markdown,http://farm9.staticflickr.com/8349/8173359539_02eb6d830f.jpg)](http://www.flickr.com/photos/smallritual/8173359539,http://distilleryimage2.s3.amazonaws.com/c44ac14e2c3011e281cb22000a1f9a0a_7.jpg
2012-12-31-the-2012-festive-500.markdown,http://t.co/6Z1bJRE
2013-01-08-2013.markdown,http://imgs.xkcd.com/comics/resolution.png)](http://xkcd.com/1154
2013-02-04-weeks-seven.markdown,http://farm9.staticflickr.com/8473/8446727514_0373935181_c.jpg)](http://www.flickr.com/photos/carissabyers/8446727514/in/set-72157632692742418
2013-03-13-lucy-14-months.markdown,http://farm9.staticflickr.com/8106/8544200714_19821b1990_c.jpg)](http://www.flickr.com/photos/carissabyers/8544200714,http://farm9.staticflickr.com/8531/8544200370_80d77dbcf6_c.jpg)](http://www.flickr.com/photos/carissabyers/8544200370
2013-03-31-birthday.markdown,http://www.rapha.cc/merino-boxer,http://distilleryimage0.instagram.com/6d402738995c11e294f522000a9f30b8_7.jpg
2013-04-26-busy-busy-busy-still.markdown,http://farm9.staticflickr.com/8240/8662616124_fddf3b870c.jpg)](http://www.flickr.com/photos/carissabyers/8662616124/sizes/m/in/set-72157633280380028
2013-06-23-catch-up.markdown,http://farm3.staticflickr.com/2860/8979523159_1f68c9c690_c.jpg)](http://carissabyers.blogspot.com/2013/06/arboretum-with-lucy.html,http://farm8.staticflickr.com/7437/9110594256_3cee643c5e_o.jpg)](http://www.flickr.com/photos/carissabyers/9110594256
2013-09-28-xoxo-2013.markdown,http://www.yelp.com/biz/advantage-car-rental-portland#hrid:oj7pmES5lP4-TtjNWtMX9g,https://twitter.com/urbangoatspdx
2013-12-31-context.markdown,http://one37.net/author,https://needlifestyle.com,https://needlifestyle.com/)...turn,http://one37.net/blog/30/12/2013/tidying,http://frankchimero.com/blog/2013/09/the-inferno-of-independence,http://www.flickr.com/photos/carissabyers/sets/72157638993354183
2014-01-03-blog.markdown,http://frankchimero.com/blog/2013/12/homesteading-2014,http://branch.com/b/owning-your-own-words-is-it-important-1#2dr4ucqayjo
2014-01-16-indieweb.markdown,http://http://dieselsweeties.com
2014-01-17-form.markdown,http://thetravoltasmusic.com/about/meet-nick-earl
2015-02-02-nationwide.markdown,http://www.megconley.com/that-nationwide-commercial-is-a-symptom-of-a-bigger-social-ill-for-real
2015-12-21-solar-system.markdown,https://www.greenbelt.org.u
